Id,Id Scheme,Start Date,End Date,Fixed Rate
AT0000383864,OG,1997-07-11,2027-07-15,6.25
AT0000386115,OG,2005-01-18,2020-07-15,3.9
AT0000A001X2,OG,2006-01-16,2021-09-15,3.5
AT0000A04967,OG,2007-01-17,2037-03-15,4.15
AT0000A0DXC2,OG,2009-06-23,2026-03-15,4.85
AT0000A0N9A0,OG,2011-01-17,2022-04-20,3.65
AT0000A0U299,OG,2012-01-26,2062-01-26,3.8
AT0000A0U3T4,OG,2012-01-26,2022-11-22,3.4
AT0000A0VRQ6,OG,2012-07-03,2044-06-20,3.15
AT0000A105W3,OG,2013-04-17,2023-10-20,1.75
AT0000A10683,OG,2013-04-17,2034-05-23,2.4
AT0000A185T1,OG,2014-06-04,2024-10-21,1.65
AT0000A1FAP5,OG,2015-06-23,2025-10-20,1.2
AT0000A1K9C8,OG,2016-02-23,2026-10-20,0.75
AT0000A1K9F1,OG,2016-02-23,2047-02-20,1.5
AT0000A1PE50,OG,2016-11-02,2023-07-15,0
AT0000A1PEF7,OG,2016-11-02,2086-11-02,1.5
AT0000A1VGK0,OG,2017-04-20,2027-04-20,0.5
AT0000A1ZGE4,OG,2018-01-25,2028-02-20,0.75
AT0000A269M8,OG,2019-02-05,2029-02-20,0.5
AT0000A28KX7,OG,2019-07-02,2024-07-15,0
AT0000A2CQD2,OG,2020-02-05,2030-02-20,0
BE0000291972,OG,1998-02-26,2028-03-28,5.5
BE0000304130,OG,2004-05-19,2035-03-28,5
BE0000318270,OG,2010-01-19,2020-09-28,3.75
BE0000320292,OG,2010-04-21,2041-03-28,4.25
BE0000321308,OG,2011-01-25,2021-09-28,4.25
BE0000326356,OG,2012-03-21,2032-03-28,4
BE0000331406,OG,2013-09-17,2045-06-22,3.75
BE0000333428,OG,2014-03-18,2034-06-22,3
BE0000334434,OG,2015-01-14,2025-06-22,0.8
BE0000335449,OG,2015-02-17,2031-06-22,1
BE0000336454,OG,2015-09-16,2038-06-22,1.9
BE0000337460,OG,2016-01-20,2026-06-22,1
BE0000338476,OG,2016-03-08,2047-06-22,1.6
BE0000339482,OG,2016-05-06,2023-10-22,0.2
BE0000340498,OG,2016-05-06,2066-06-22,2.15
BE0000341504,OG,2017-01-24,2027-06-22,0.8
BE0000343526,OG,2017-02-14,2057-06-22,2.25
BE0000344532,OG,2017-05-31,2037-06-22,1.45
BE0000346552,OG,2018-03-05,2033-04-22,1.25
BE0000347568,OG,2019-01-15,2029-06-22,0.9
BE0000348574,OG,2019-02-05,2050-06-22,1.7
BE0000349580,OG,2020-01-22,2030-06-22,0.1
BE0000350596,OG,2020-02-25,2040-06-22,0.4
BE0000351602,OG,2020-04-07,2027-10-22,0
BE0002272418,OG,2017-03-01,2022-03-01,0.75
BE0002420926,OG,NULL,2022-11-30,2.75
BE0002443183,OG,NULL,2023-10-09,2.875
BE0002470459,OG,2014-05-07,2029-05-07,2.875
BE0002596741,OG,NULL,2028-09-05,1.5
BE0002602804,OG,NULL,2023-06-27,0.875
BE0002631126,OG,NULL,2024-01-25,1.125
BE0002645266,OG,2019-04-10,2025-04-10,0.625
BE0312771430,OG,2019-07-11,2020-07-09,0
BE0312772446,OG,2019-09-12,2020-09-10,0
BE0974365976,OG,2020-06-16,2027-06-16,0.375
BE6221503202,OG,2011-06-02,2021-06-02,4
BE6228266902,OG,NULL,2021-11-08,4.5
BE6265141083,OG,NULL,2021-09-30,1.95
BE6265142099,OG,NULL,2026-03-31,2.7
BE6276040431,OG,2015-04-20,2030-04-18,1.5
BE6282460615,OG,NULL,2027-12-02,2.75
BE6285452460,OG,2016-03-29,2022-03-17,0.875
BE6285454482,OG,2016-03-29,2025-03-17,1.5
BE6285455497,OG,NULL,2028-03-17,2
BE6285457519,OG,2016-03-29,2036-03-17,2.75
BE6286238561,OG,2016-04-26,2021-04-26,1
BE6301510028,OG,2018-01-23,2027-01-22,1.15
BE6312821612,OG,NULL,2027-07-01,1.125
BE6312822628,OG,2019-03-29,2031-03-28,1.65
BE6320934266,OG,2020-04-02,2027-12-02,2.125
BE6321076711,OG,2020-04-21,2027-04-21,1.625
BE6321529396,OG,NULL,2030-04-28,0.875
CH0236733827,OG,NULL,2026-02-12,4.75
CH0314209351,OG,2016-03-04,2024-03-04,2.125
CH0336602930,OG,2016-09-01,2026-09-01,1.25
CH0341440334,OG,2016-11-30,2024-11-30,1.5
CH0343366842,OG,2017-07-17,2025-07-17,1.25
CH0409606354,OG,2018-04-17,2025-04-17,1.25
CH0483180946,OG,2019-06-24,2027-06-24,1
CH0494734418,OG,NULL,2029-09-10,0.65
CH0517825276,OG,2020-01-14,2028-01-14,0.65
CH0520042489,OG,2020-01-29,2026-01-29,0.25
CH0537261858,OG,2020-04-02,2026-04-02,3.25
DE0001030211,OG,2020-05-20,2021-05-05,0
DE0001030302,OG,2020-04-29,2021-03-03,0
DE0001040228,OG,1998-01-19,2028-01-19,5.75
DE0001040947,OG,2013-11-13,2023-11-13,2
DE0001040970,OG,2014-07-18,2022-07-18,1
DE0001053387,OG,2010-09-08,2020-09-08,2.375
DE0001102341,OG,2014-02-28,2046-08-15,2.5
DE0001102366,OG,2014-09-12,2024-08-15,1
DE0001102382,OG,2015-07-17,2025-08-15,1
DE0001102424,OG,2017-07-14,2027-08-15,0.5
DE0001102432,OG,2017-09-22,2048-08-15,1.25
DE0001102440,OG,2018-01-12,2028-02-15,0.5
DE0001102457,OG,2018-07-13,2028-08-15,0.25
DE0001102465,OG,2019-01-11,2029-02-15,0.25
DE0001102473,OG,2019-07-12,2029-08-15,0
DE0001102481,OG,2019-08-23,2050-08-15,0
DE0001102499,OG,2020-01-10,2030-02-15,0
DE0001104743,OG,2018-11-15,2020-12-11,0
DE0001104800,OG,2020-05-28,2022-06-10,0
DE0001108504,OG,2007-01-26,2039-07-04,0
DE0001108546,OG,2008-07-25,2040-07-04,0
DE0001108595,OG,2010-07-23,2042-07-04,0
DE0001108660,OG,2012-04-27,2044-07-04,0
DE0001135044,OG,1997-07-04,2027-07-04,6.5
DE0001135069,OG,1998-01-23,2028-01-04,5.625
DE0001135085,OG,1998-10-09,2028-07-04,4.75
DE0001135143,OG,2000-01-21,2030-01-04,6.25
DE0001135176,OG,2000-10-27,2031-01-04,5.5
DE0001135226,OG,2003-01-31,2034-07-04,4.75
DE0001135275,OG,2005-01-28,2037-01-04,4
DE0001135325,OG,2007-01-26,2039-07-04,4.25
DE0001135366,OG,2008-07-25,2040-07-04,4.75
DE0001135408,OG,2010-04-30,2020-07-04,3
DE0001135424,OG,2010-11-26,2021-01-04,2.5
DE0001135432,OG,2010-07-23,2042-07-04,3.25
DE0001135440,OG,2011-04-29,2021-07-04,3.25
DE0001135465,OG,2011-11-25,2022-01-04,2
DE0001135481,OG,2012-04-27,2044-07-04,2.5
DE0001135499,OG,2012-09-07,2022-09-04,1.5
DE0001137859,OG,2020-02-12,2020-08-05,0
DE0001137867,OG,2020-03-04,2020-09-09,0
DE0001137875,OG,2020-04-08,2020-10-07,0
DE0001141729,OG,2015-07-03,2020-10-16,0.25
DE0001141802,OG,2019-07-05,2024-10-18,0
DE0001142032,OG,1997-07-04,2027-07-04,0
DE0001142057,OG,1998-01-23,2028-01-04,0
DE0001142131,OG,2000-01-21,2030-01-04,0
DE0001142214,OG,2003-01-31,2034-07-04,0
DE0001142263,OG,2005-01-04,2037-01-04,0
DE0001346955,OG,NULL,2026-10-28,0
DE0002760980,OG,2006-01-17,2021-07-04,3.5
DE0004778469,OG,1986-04-08,2021-04-08,0
DE000A0PM5F0,OG,2007-10-16,2023-01-04,4.625
DE000A0Z1TZ0,OG,2012-02-09,2022-02-09,2.5
DE000A0Z1UA1,OG,2014-04-24,2024-04-24,1.75
DE000A0Z1UB9,OG,2014-07-07,2021-06-22,0.6
DE000A11QR73,OG,2014-07-01,2074-07-01,3.75
DE000A11QTD2,OG,2015-01-15,2025-01-15,0.625
DE000A11QTG5,OG,2015-06-23,2022-07-04,0.625
DE000A12T3V4,OG,2017-07-25,2020-07-24,0
DE000A12T3X0,OG,2017-11-15,2021-11-15,0.05
DE000A13R7Z7,OG,2014-09-18,2099-12-31,3.375
DE000A13R9G3,OG,2015-11-05,2020-11-05,0.125
DE000A13R9J7,OG,2016-02-09,2021-11-09,0.05
DE000A13SMD9,OG,2019-02-25,2021-02-25,0.344
DE000A14J2Q6,OG,2015-04-29,2030-04-29,0.375
DE000A14J611,OG,NULL,2075-04-02,2.375
DE000A14J9N8,OG,2015-04-09,2045-07-07,2.241
DE000A161K82,OG,2016-02-03,2021-07-06,0.05
DE000A161WT4,OG,2015-09-21,2020-11-16,0
DE000A168Y55,OG,2016-03-09,2026-03-09,0.375
DE000A169G07,OG,2016-01-12,2021-01-12,0.875
DE000A169G15,OG,2016-01-12,2024-01-12,1.4
DE000A185QA5,OG,2016-09-07,2024-09-07,0.375
DE000A185QC1,OG,2016-09-07,2021-03-08,0
DE000A188WW1,OG,2016-11-10,2026-11-10,0.75
DE000A189ZX0,OG,2016-12-06,2024-12-06,1.25
DE000A190ND6,OG,2018-05-11,2022-05-11,0.25
DE000A190NE4,OG,NULL,2025-11-11,1
DE000A194DC1,OG,NULL,2021-08-09,0.25
DE000A194DD9,OG,2018-08-09,2024-04-09,0.875
DE000A194DE7,OG,2018-08-09,2027-02-09,1.5
DE000A19S4U8,OG,2017-12-06,2023-06-06,0.25
DE000A19S4V6,OG,2017-12-06,2027-12-06,0.875
DE000A19UR79,OG,2018-01-15,2028-01-14,1.5
DE000A19X8A4,OG,2018-03-22,2026-03-22,1.5
DE000A1ELUD7,OG,2011-06-15,2021-06-15,3.5
DE000A1GNAH1,OG,2011-03-08,2041-07-08,5.75
DE000A1K0FR4,OG,2011-08-17,2021-08-17,3.125
DE000A1K0SM8,OG,2011-09-08,2021-09-08,3
DE000A1K0UG6,OG,2012-01-17,2022-01-17,2.5
DE000A1KQ961,OG,2011-06-17,2021-06-17,3.375
DE000A1KRA18,OG,2011-08-23,2021-08-23,3
DE000A1PGNM9,OG,2012-08-30,2020-08-28,1.5
DE000A1PGZ58,OG,2012-06-13,2022-06-13,1.75
DE000A1R01Z7,OG,2013-01-31,2023-01-31,1.75
DE000A1R04X6,OG,2014-01-24,2022-01-24,2.25
DE000A1R07S9,OG,2013-09-03,2023-08-15,2.125
DE000A1RE1Q3,OG,2012-10-16,2042-10-17,5.625
DE000A1RQDC6,OG,2018-10-31,2021-06-10,0
DE000A1RQDG7,OG,2019-07-12,2022-01-12,0
DE000A1X28T1,OG,2014-07-07,2021-06-22,0.6
DE000A1X3MP3,OG,2013-10-11,2023-10-11,2.125
DE000A1YC3L3,OG,2014-01-29,2021-01-29,1.5
DE000A1YCQ29,OG,NULL,2099-12-31,4.75
DE000A1YCQA8,OG,2014-06-18,2021-06-18,1
DE000A1ZZ010,OG,2015-04-20,2022-04-20,0.625
DE000A1ZZ028,OG,2015-04-20,2027-04-20,1
DE000A254PH6,OG,2019-11-21,2022-11-21,1.455
DE000A254PM6,OG,2020-01-14,2025-02-18,0
DE000A254PP9,OG,2020-02-12,2027-03-31,0
DE000A289DC9,OG,2020-06-05,2027-06-05,0.25
DE000A289NX4,OG,2020-05-18,2025-09-18,0.625
DE000A289RN6,OG,NULL,2025-04-07,2.625
DE000A289XJ2,OG,2020-05-22,2026-08-22,2
DE000A28VQC4,OG,2020-04-07,2024-04-07,1.625
DE000A2DAC39,OG,2017-09-19,2020-09-18,0
DE000A2DADM7,OG,2017-02-28,2025-02-28,0.85
DE000A2DAHN6,OG,2017-01-13,2047-07-06,3.099
DE000A2DAJ57,OG,2017-07-04,2024-10-04,0.125
DE000A2DAR24,OG,NULL,2024-01-15,0.125
DE000A2E4D26,OG,2020-02-07,2022-02-07,0.703
DE000A2E4D67,OG,2018-03-22,2022-10-12,0.146
DE000A2GSCW3,OG,2017-07-03,2029-07-03,1.5
DE000A2GSFF1,OG,2017-07-07,2077-07-07,2.125
DE000A2GSKL9,OG,2017-10-25,2022-12-15,0
DE000A2GSNV2,OG,2018-03-21,2023-02-24,0.125
DE000A2GSNW0,OG,2018-04-25,2025-04-23,0.375
DE000A2LQHU0,OG,NULL,2021-05-25,0
DE000A2LQN61,OG,2019-08-15,2022-02-15,0.343
DE000A2LQSN2,OG,2019-01-15,2029-01-15,0.75
DE000A2LQSS1,OG,2019-03-19,2022-06-30,0
DE000A2LQZK3,OG,2018-06-14,2021-06-14,0
DE000A2NB9U4,OG,2019-08-28,2022-01-14,0.446
DE000A2R9ZU9,OG,2019-11-06,2027-05-06,0.625
DE000A2RWAX4,OG,2019-01-15,2026-01-15,0.875
DE000A2RYD83,OG,NULL,2023-02-27,0.625
DE000A2RYD91,OG,2019-02-27,2026-06-26,1.375
DE000A2TSDE2,OG,2019-03-25,2031-03-25,1.75
DE000A2TSTS8,OG,2019-06-13,2024-07-04,0
DE000A2TSTT6,OG,2019-07-26,2023-01-26,0
DE000A2YN041,OG,2020-01-22,2022-04-22,0.754
DE000CZ302M3,OG,2010-09-16,2020-09-16,4
DE000CZ40NG4,OG,2018-10-23,2023-10-23,1.25
DE000CZ40NM2,OG,2018-12-04,2021-12-06,0.5
DE000LFA1248,OG,2012-07-17,2021-07-02,1.8
DE000NRW0CN5,OG,2011-07-07,2021-07-07,3.5
DE000NRW1006,OG,2007-04-30,2022-04-29,4.375
DE000NRW21F1,OG,2013-01-15,2021-01-14,1.5
DE000NRW2228,OG,2013-11-26,2020-12-15,1.5
DE000NWB17V0,OG,2017-05-17,2021-05-17,0.488
DE000NWB18J3,OG,2018-08-02,2021-08-02,0
DE000RLP1122,OG,2019-04-25,2021-05-31,0
DE000RLP1163,OG,2020-01-15,2022-01-17,0
DE000SHFM519,OG,2016-03-03,2022-03-03,0.075
DK0009522732,OG,2019-03-28,2024-01-17,0.875
DK0009525404,OG,2019-09-04,2024-07-10,0.125
DK0009526998,OG,2020-01-20,2027-01-20,0.75
DK0009529901,OG,2020-06-11,2025-07-10,0.5
DK0030407986,OG,2017-11-28,2022-11-28,0.25
ES00000120N0,OG,2007-06-20,2040-07-30,4.9
ES00000121S7,OG,2009-09-28,2041-07-30,4.7
ES0000012411,OG,2001-01-23,2032-07-30,5.75
ES00000124H4,OG,2013-10-16,2044-10-31,5.15
ES00000127A2,OG,2015-03-04,2030-07-30,1.95
ES00000128C6,OG,2016-03-15,2046-10-31,2.9
ES00000128E2,OG,2016-05-18,2066-07-30,3.45
ES00000128Q6,OG,2017-03-01,2033-07-30,2.35
ES0000012932,OG,2005-01-17,2037-01-31,4.2
ES0000012B39,OG,2018-01-30,2028-04-30,1.4
ES0000012B47,OG,2018-02-27,2048-10-31,2.7
ES0000012B88,OG,2018-07-03,2028-07-30,1.4
ES0000012E69,OG,2019-03-05,2035-07-30,1.85
ES0000012F43,OG,2019-06-19,2029-10-31,0.6
ES0000012F76,OG,2020-01-21,2030-04-30,0.5
ES0000012G00,OG,2020-03-03,2050-10-31,1
ES0211845260,OG,2013-06-20,2023-06-20,3.75
ES0211845294,OG,2014-06-27,2025-02-27,2.5
ES0312342019,OG,2005-06-30,2025-06-30,3.75
ES0313307201,OG,2019-03-25,2024-03-25,0.875
ES0347784003,OG,2006-03-31,2021-03-31,4
ES0349045007,OG,2007-02-21,2022-02-21,4.5
ES0413307119,OG,2016-01-21,2021-01-21,0.875
ES0414970246,OG,2006-01-18,2021-01-18,3.625
ES0415306036,OG,2015-03-16,2022-03-16,0.5
EU000A18Z2D4,OG,2016-04-13,2031-04-04,0.75
EU000A19VVY6,OG,2018-02-06,2025-04-04,0.5
EU000A19XC51,OG,2018-03-06,2033-04-04,1.25
EU000A1G0BP2,OG,2014-04-15,2021-06-07,1.375
EU000A1G0DG7,OG,2016-01-19,2021-01-19,0.1
EU000A1G0DM5,OG,2017-02-28,2021-03-29,0
EU000A1G4DN5,OG,2012-05-04,2022-04-04,2.75
EU000A1G6TV9,OG,2012-07-03,2028-04-04,2.875
EU000A1GRVV3,OG,2011-05-31,2021-06-04,3.5
EU000A1GVJX6,OG,2011-09-21,2021-09-21,2.75
EU000A1GVVF8,OG,2011-09-29,2026-09-04,3
EU000A1HBXS7,OG,2012-10-30,2027-11-04,2.5
EU000A1U9803,OG,2013-11-20,2023-11-20,2.125
EU000A1U9811,OG,2014-03-04,2021-03-04,1.375
EU000A1U9985,OG,2016-10-18,2022-10-18,0
EU000A1Z6TV6,OG,2015-09-22,2035-10-04,1.5
EU000A1Z99G8,OG,2018-10-16,2022-01-17,0
EU000A1Z99K0,OG,2020-02-17,2023-02-10,0
EU000A28X702,OG,2020-06-10,2035-06-10,0.125
EU000A2SB9C6,OG,2020-01-23,2020-07-23,0
EU000A2SB9E2,OG,2020-02-20,2020-08-20,0
EU000A2SB9G7,OG,2020-03-19,2020-09-24,0
FI4000006176,OG,2009-10-19,2025-07-04,4
FI4000020961,OG,2011-02-22,2021-04-15,3.5
FI4000046545,OG,2012-07-03,2042-07-04,2.625
FI4000047089,OG,2012-09-04,2022-09-15,1.625
FI4000062625,OG,2013-04-16,2023-04-15,1.5
FI4000079041,OG,2014-02-04,2024-04-15,2
FI4000106117,OG,2014-09-03,2020-09-15,0.375
FI4000148630,OG,2015-03-10,2031-04-15,0.75
FI4000167317,OG,2015-09-01,2025-09-15,0.875
FI4000219787,OG,2016-09-07,2023-09-15,0
FI4000242862,OG,2017-02-15,2022-04-15,0
FI4000242870,OG,2017-02-15,2047-04-15,1.375
FI4000278551,OG,2017-09-06,2027-09-15,0.5
FI4000306758,OG,2018-02-13,2034-04-15,1.125
FI4000348727,OG,2018-09-04,2028-09-15,0.5
FI4000415153,OG,2020-02-11,2036-04-15,0.125
FI4000426051,OG,2020-03-26,2021-02-09,0
FI4000439534,OG,2020-05-06,2020-11-10,0
FI4000440557,OG,2020-06-17,2040-09-15,0.25
FR0000187635,OG,2001-06-12,2032-10-25,5.75
FR0000471930,OG,2003-01-28,2033-01-28,8.125
FR0000475758,OG,NULL,2023-06-24,5.75
FR0000571218,OG,1998-03-12,2029-04-25,5.5
FR0000578536,OG,2001-06-12,2032-10-25,0
FR0010033381,OG,NULL,2033-11-25,6.125
FR0010070060,OG,2004-04-06,2035-04-25,4.75
FR0010171975,OG,2005-02-28,2055-04-25,4
FR0010198036,OG,2005-05-27,2020-10-25,3.75
FR0010212977,OG,NULL,2025-08-08,0.925
FR0010289322,OG,2006-02-16,2026-02-16,1.455
FR0010327007,OG,2006-05-24,2021-05-24,5
FR0010347989,OG,2006-07-25,2021-10-25,4.375
FR0010371401,OG,2006-09-12,2038-10-25,4
FR0010491720,OG,2007-07-04,2022-07-04,5.625
FR0010773192,OG,2009-06-30,2041-04-25,4.5
FR0010800540,OG,2009-09-11,2024-09-11,4.625
FR0010809665,OG,2009-11-23,2055-04-25,0
FR0010810101,OG,2009-11-23,2038-10-25,0
FR0010870956,OG,2010-03-17,2060-04-25,4
FR0010915660,OG,2010-06-29,2021-04-25,3.375
FR0010916924,OG,2010-07-06,2026-04-25,3.5
FR0010918490,OG,NULL,2021-01-06,4.247
FR0010941484,OG,2010-09-14,2040-09-14,6
FR0010949651,OG,2010-10-12,2020-10-25,2.5
FR0011033851,OG,2011-04-07,2041-09-30,6.875
FR0011048966,OG,2011-05-17,2021-05-17,4.078
FR0011075043,OG,NULL,2021-07-07,4.339
FR0011196856,OG,2012-02-07,2022-04-25,3
FR0011225143,OG,2012-03-27,2027-03-25,4.125
FR0011317783,OG,2012-09-11,2027-10-25,2.75
FR0011332196,OG,2012-10-02,2023-01-16,3.625
FR0011337880,OG,2012-10-09,2022-10-25,2.25
FR0011461037,OG,2013-04-04,2045-05-25,3.25
FR0011486067,OG,2013-05-07,2023-05-25,1.75
FR0011531730,OG,2013-07-10,2099-12-31,4.75
FR0011565555,OG,2013-09-12,2023-09-12,2.875
FR0011625433,OG,2013-11-14,2023-11-14,2.5
FR0011637586,OG,2013-11-27,2021-04-27,2.25
FR0011755156,OG,NULL,2024-05-25,2.375
FR0011781764,OG,2014-03-17,2021-03-17,2.125
FR0011847425,OG,2014-04-16,2021-04-16,1.5
FR0011883966,OG,2014-05-06,2030-05-25,2.5
FR0011952647,OG,2014-07-25,2026-06-25,0
FR0011962398,OG,2014-06-10,2024-11-25,1.75
FR0012018851,OG,2014-07-08,2026-07-08,2.75
FR0012143451,OG,2014-09-05,2022-10-25,0.875
FR0012199065,OG,2014-10-08,2024-10-08,1.625
FR0012300812,OG,2014-11-17,2025-01-15,1.875
FR0012300820,OG,2014-11-17,2021-01-15,1.125
FR0012317758,OG,NULL,2099-12-31,4
FR0012452191,OG,NULL,2025-01-20,1.5
FR0012537124,OG,NULL,2025-02-17,0.625
FR0012601367,OG,2015-03-11,2025-03-11,0.875
FR0012648590,OG,NULL,2099-12-31,2.5
FR0012663169,OG,2015-04-09,2028-01-10,1.59
FR0012685691,OG,2015-04-23,2027-04-23,0.625
FR0012759744,OG,2015-06-08,2022-06-08,1.25
FR0012872182,OG,2015-07-31,2020-07-31,0.375
FR0012939841,OG,2015-09-08,2023-09-08,1.5
FR0012949923,OG,2015-09-10,2025-09-10,1.75
FR0012968337,OG,2015-09-21,2020-11-25,0.25
FR0012993103,OG,2015-10-05,2031-05-25,1.5
FR0013020450,OG,2015-10-21,2027-10-21,1.25
FR0013044278,OG,2015-11-06,2024-01-15,1.5
FR0013044294,OG,2015-11-04,2021-11-04,0.3
FR0013054897,OG,2015-11-18,2031-05-25,1.75
FR0013060209,OG,2015-11-27,2025-11-27,1.625
FR0013063385,OG,2015-11-30,2027-11-30,2.75
FR0013066388,OG,2015-12-10,2047-06-10,4.5
FR0013128584,OG,2016-03-03,2026-03-03,0.625
FR0013144003,OG,2016-04-05,2028-04-05,1.125
FR0013144052,OG,2016-04-06,2032-01-12,1.25
FR0013152899,OG,2016-04-18,2026-10-19,1
FR0013152907,OG,2016-04-18,2036-04-18,2
FR0013154028,OG,2016-04-19,2066-05-25,1.75
FR0013154044,OG,2016-04-19,2036-05-25,1.25
FR0013155009,OG,NULL,2026-04-22,2.875
FR0013169778,OG,NULL,2023-05-17,1
FR0013173432,OG,2016-05-19,2028-05-19,1.25
FR0013182078,OG,2016-06-10,2026-01-09,1.125
FR0013183167,OG,2016-06-14,2025-06-14,0.5
FR0013200813,OG,2016-09-05,2026-11-25,0.25
FR0013201126,OG,2016-09-09,2025-02-07,0.375
FR0013210416,OG,2016-10-04,2029-01-04,0.927
FR0013213295,OG,2016-10-13,2026-10-13,1
FR0013217114,OG,2016-11-03,2027-02-03,0.875
FR0013218138,OG,2016-11-09,2021-11-09,0.5
FR0013219177,OG,2016-11-21,2022-05-25,0
FR0013222494,OG,2016-12-07,2027-06-07,1.375
FR0013230737,OG,2017-01-12,2022-01-12,0.75
FR0013231099,OG,2017-01-18,2027-01-18,1.25
FR0013231743,OG,NULL,2023-01-18,1.125
FR0013234333,OG,2017-01-31,2039-06-25,1.75
FR0013241361,OG,2017-03-08,2024-03-08,1.375
FR0013241536,OG,2017-03-09,2023-09-11,0.75
FR0013241676,OG,2017-03-09,2027-09-09,1.5
FR0013250560,OG,2017-04-10,2027-05-25,1
FR0013250693,OG,2017-04-12,2025-04-11,1.625
FR0013257524,OG,2017-05-25,2048-05-25,2
FR0013283371,OG,2017-09-26,2022-09-26,0.75
FR0013286192,OG,2017-10-09,2028-05-25,0.75
FR0013286788,OG,2017-10-13,2027-10-13,1.125
FR0013286838,OG,2017-10-16,2024-10-16,1
FR0013298684,OG,2017-11-27,2023-03-27,0.625
FR0013310455,OG,2018-01-22,2030-01-22,1.375
FR0013310505,OG,2018-01-16,2099-12-31,1.375
FR0013311016,OG,2018-01-22,2021-02-25,0
FR0013312493,OG,NULL,2024-01-31,0.875
FR0013313582,OG,2018-02-05,2034-05-25,1.25
FR0013323870,OG,2018-03-20,2028-03-20,1.375
FR0013327988,OG,2018-04-18,2028-04-18,1.75
FR0013332970,OG,2018-05-15,2021-05-14,0.125
FR0013341682,OG,2018-06-11,2028-11-25,0.75
FR0013344686,OG,NULL,2028-06-22,1.375
FR0013344751,OG,2018-06-25,2024-03-25,0
FR0013359197,OG,2018-09-12,2025-09-12,1
FR0013359239,OG,NULL,2030-09-12,1.875
FR0013359254,OG,NULL,2030-09-17,1.625
FR0013367612,OG,NULL,2099-12-31,4
FR0013368164,OG,2018-09-27,2030-09-27,1.5
FR0013368545,OG,NULL,2030-10-02,2
FR0013381704,OG,2018-11-20,2030-11-20,2.375
FR0013383213,OG,2018-12-04,2026-05-04,1.75
FR0013384567,OG,2018-11-30,2028-11-30,1.45
FR0013385473,OG,2018-12-05,2030-01-07,1.94
FR0013393774,OG,2019-01-11,2024-07-11,2
FR0013396496,OG,2019-01-15,2022-01-15,0.5
FR0013396512,OG,2019-01-15,2024-07-15,1.125
FR0013396520,OG,2019-01-15,2029-01-15,2
FR0013396876,OG,2019-01-15,2028-01-15,1.5
FR0013397452,OG,2019-01-18,2029-01-18,1.625
FR0013398070,OG,2019-01-23,2027-01-23,2.125
FR0013398229,OG,2019-01-28,2099-12-31,3.25
FR0013403441,OG,NULL,2024-02-15,1.25
FR0013404571,OG,NULL,2031-02-21,1.375
FR0013404969,OG,2019-02-26,2050-05-25,1.5
FR0013405537,OG,2019-02-28,2024-08-28,1.125
FR0013409851,OG,2019-03-21,2034-03-21,1.25
FR0013412343,OG,NULL,2025-04-01,1
FR0013412947,OG,2019-04-08,2026-06-08,0.75
FR0013415627,OG,2019-04-24,2025-03-25,0
FR0013415692,OG,2019-04-24,2029-04-24,1.375
FR0013419736,OG,2019-05-15,2027-05-17,1
FR0013421369,OG,2019-05-23,2029-05-23,1.125
FR0013422003,OG,2019-05-27,2022-05-27,0
FR0013425162,OG,2019-06-18,2029-06-18,1.875
FR0013429073,OG,NULL,2024-09-26,0.625
FR0013432770,OG,2019-07-04,2024-02-05,0.125
FR0013433596,OG,2019-07-12,2026-07-12,0.25
FR0013444304,OG,2019-09-03,2027-09-03,0.1
FR0013444684,OG,NULL,2032-09-04,0.5
FR0013444775,OG,2019-09-04,2027-03-04,0
FR0013444841,OG,2019-09-06,2021-09-06,0.298
FR0013445137,OG,2019-09-09,2027-09-09,0
FR0013445335,OG,2019-09-12,2099-12-31,1.625
FR0013447877,OG,2019-09-19,2099-12-31,1.75
FR0013451507,OG,2019-10-07,2029-11-25,0
FR0013455540,OG,2019-10-24,2027-02-24,0.5
FR0013463775,OG,2019-11-27,2050-07-27,2
FR0013464815,OG,NULL,2029-12-03,0.75
FR0013464930,OG,2019-12-04,2024-12-04,0.125
FR0013465358,OG,2019-12-04,2026-06-04,0.5
FR0013476090,OG,2020-01-15,2027-01-15,1.125
FR0013476199,OG,2020-01-15,2026-01-15,0.25
FR0013476553,OG,NULL,2030-01-17,0.75
FR0013476611,OG,2020-01-15,2032-01-15,1.125
FR0013479276,OG,2020-01-23,2027-01-25,0.75
FR0013480613,OG,2020-02-04,2052-05-25,0.75
FR0013484458,OG,2020-02-19,2028-02-19,0.5
FR0013486701,OG,2020-02-24,2026-02-24,0.125
FR0013494168,OG,2020-03-11,2029-03-11,0.25
FR0013504644,OG,2020-03-27,2025-03-27,1.375
FR0013504677,OG,NULL,2028-03-27,1.75
FR0013504727,OG,2020-04-02,2030-04-02,1.375
FR0013505104,OG,2020-03-30,2025-04-01,1
FR0013505112,OG,2020-03-30,2030-04-01,1.5
FR0013505260,OG,2020-04-01,2027-12-15,2.625
FR0013505542,OG,NULL,2027-04-02,1.25
FR0013505559,OG,2020-04-02,2025-04-02,1
FR0013505567,OG,2020-04-02,2030-04-02,1.375
FR0013506292,OG,2020-04-07,2027-07-07,1.25
FR0013506300,OG,NULL,2032-04-07,1.625
FR0013506516,OG,2020-04-14,2027-01-14,1.25
FR0013506862,OG,2020-04-09,2027-04-09,1
FR0013507654,OG,NULL,2028-07-24,1.125
FR0013507704,OG,NULL,2028-04-15,1.25
FR0013508512,OG,2020-04-22,2026-04-22,1
FR0013508686,OG,2020-04-21,2026-10-21,0.625
FR0013508694,OG,NULL,2032-04-21,1.375
FR0013508710,OG,2020-04-17,2029-04-17,1.125
FR0013509098,OG,2020-04-21,2026-04-21,1.125
FR0013509726,OG,2020-04-28,2025-04-28,0.625
FR0013511227,OG,2020-05-07,2027-05-07,0.875
FR0013512407,OG,NULL,2028-05-13,0.75
FR0013512449,OG,NULL,2035-05-14,1.25
FR0013512621,OG,NULL,2031-05-19,1
FR0013515749,OG,NULL,2030-06-03,1.25
FR0013516069,OG,2020-06-05,2026-01-05,0.375
FR0013516077,OG,2020-06-05,2028-06-05,0.5
FR0013516549,OG,2020-06-08,2030-11-25,0
FR0013517307,OG,2020-06-11,2029-06-11,1.25
FR0013518024,OG,2020-06-17,2026-06-17,0.5
FR0125692451,OG,2019-07-24,2020-07-15,0
FR0125848475,OG,2019-11-14,2020-11-04,0
FR0125848483,OG,2020-01-08,2020-12-02,0
FR0125848673,OG,2020-02-05,2021-01-27,0
FR0125848681,OG,2020-03-04,2021-02-24,0
FR0126001801,OG,2020-06-24,2021-06-16,0
IE00BDHDPR44,OG,2018-01-10,2028-05-15,0.9
IE00BFZRPZ02,OG,2018-04-17,2033-05-15,1.3
IE00BFZRQ242,OG,2018-10-17,2031-03-18,1.35
IE00BH3SQ895,OG,2019-01-16,2029-05-15,1.1
IE00BH3SQB22,OG,2019-05-16,2050-05-15,1.5
IE00BV8C9186,OG,2015-02-10,2045-02-18,2
IE00BV8C9B83,OG,2017-01-11,2037-05-15,1.7
IT0001086658,OG,1997-01-29,2022-01-30,0
IT0004547409,OG,2009-11-05,2022-01-31,4.375
IT0004760341,OG,2011-09-01,2021-10-31,5
IT0004839046,OG,2012-07-16,2021-01-27,5
IT0005013971,OG,2014-04-17,2021-04-16,2.875
IT0005121592,OG,NULL,2023-06-16,0.875
IT0005140188,OG,2015-10-28,2022-01-20,1.25
IT0005156044,OG,2015-12-18,2025-12-18,1.375
IT0005367492,OG,2019-04-01,2024-07-01,1.75
IT0005381824,OG,2019-08-14,2020-08-14,0
IT0005389561,OG,2019-11-14,2020-11-13,0
IT0005399560,OG,2020-02-14,2021-02-12,0
IT0006527185,OG,1999-02-26,2024-02-26,0
JP1024001K50,OG,2019-05-07,2021-05-01,0.1
JP1748821L10,OG,2020-01-20,2021-01-20,0
JP1748891L23,OG,2020-02-20,2021-02-22,0
JP1749161L65,OG,2020-06-22,2021-06-21,0
LU0905090048,OG,2013-03-19,2028-03-19,2.25
LU0945626439,OG,2013-07-10,2023-07-10,2.125
LU1556942974,OG,2017-02-01,2027-02-01,0.625
LU2161837203,OG,2020-04-28,2025-04-28,0
NL0000102234,OG,2005-04-25,2037-01-15,4
NL0000102275,OG,2006-02-17,2023-01-15,3.75
NL0000102317,OG,1998-01-15,2028-01-15,5.5
NL0000102788,OG,2005-04-25,2037-01-15,0
NL0000103000,OG,1993-01-15,2023-01-15,0
NL0000103299,OG,1993-01-15,2022-01-15,0
NL0000133924,OG,1994-02-28,2024-02-28,6.25
NL0009348242,OG,2010-02-05,2020-07-15,3.5
NL0009446418,OG,2010-05-21,2042-01-15,3.75
NL0009446608,OG,2010-05-21,2042-01-15,0
NL0009712470,OG,2011-03-04,2021-07-15,3.25
NL0010060257,OG,2012-02-10,2022-07-15,2.25
NL0010071189,OG,2012-03-09,2033-01-15,2.5
NL0010418810,OG,2013-03-22,2023-07-15,1.75
NL0010721999,OG,2014-02-21,2047-01-15,2.75
NL0010733424,OG,2014-03-28,2024-07-15,2
NL0011220108,OG,2015-03-26,2025-07-15,0.25
NL0011819040,OG,2016-03-24,2026-07-15,0.5
NL0011896857,OG,2016-06-09,2022-01-15,0
NL0012171458,OG,2017-02-09,2027-07-15,0.75
NL0012650469,OG,2017-10-13,2024-01-15,0
NL0012818504,OG,2018-03-15,2028-07-15,0.75
NL0013332430,OG,2019-02-14,2029-07-15,0.25
NL0013552060,OG,2019-05-23,2040-01-15,0.5
NL0014270324,OG,2020-02-05,2020-07-30,0
NL0014332652,OG,2020-03-02,2021-03-02,0
NL0014433203,OG,2020-03-04,2020-08-28,0
NL0014555419,OG,2020-03-12,2030-07-15,0
NL0014787046,OG,2020-04-08,2020-09-29,0
NL0014832073,OG,2020-04-16,2021-01-28,0
NL0014858250,OG,2020-04-30,2021-04-29,0
NL0014913295,OG,2020-05-06,2020-10-29,0
NL0015031527,OG,2020-05-27,2021-05-28,0
NL0015041583,OG,2020-06-04,2020-11-27,0
PTBCPIOM0057,OG,2017-05-31,2022-05-31,0.75
PTCGH1OE0014,OG,2015-01-27,2022-01-27,1
SI0002103149,OG,2011-01-18,2021-01-18,4.375
SI0002103388,OG,2014-04-08,2021-04-08,3
SI0002103487,OG,2015-03-25,2035-03-25,1.5
SI0002103602,OG,2016-03-03,2032-03-03,2.25
SI0002103677,OG,2016-11-03,2040-11-03,1.75
SI0002103842,OG,2019-01-14,2029-03-14,1.1875
SI0002103966,OG,2020-01-14,2030-01-14,0.275
SK4120011420,OG,2016-01-21,2031-01-21,1.625
SK4120012691,OG,2017-03-09,2037-03-09,1.875
SK4120013400,OG,2017-10-17,2047-10-17,2
SK4120014150,OG,2018-06-12,2028-06-12,1
US001055AY85,OG,2018-10-31,2049-01-15,4.75
US00135TAA25,OG,2018-10-12,2023-10-12,4.75
US00138CAG33,OG,2018-06-27,2021-06-25,3.35
US00206RDR03,OG,2017-02-09,2037-03-01,5.25
US002824BA72,OG,2015-03-10,2022-03-15,2.55
US00287YAU38,OG,2016-05-12,2021-05-14,2.3
US00287YBL20,OG,2019-11-21,2022-11-21,2.3
US00287YCE77,OG,2020-05-14,2021-12-15,5
US00772BAF85,OG,2015-07-30,2021-05-15,4.5
US00912XAM65,OG,2014-03-11,2021-04-01,3.875
US00912XAW48,OG,2017-06-12,2022-07-01,2.625
US00912XAZ78,OG,2018-01-16,2021-03-01,2.5
US00913RAB24,OG,2016-09-27,2021-09-27,1.75
US01959EAC21,OG,2015-10-29,2025-10-29,4.35
US02005NBG43,OG,2016-04-11,2021-04-15,4.25
US025816BU20,OG,2018-05-17,2021-05-17,3.375
US025816BY42,OG,2018-11-06,2021-11-05,3.7
US025816CB30,OG,2019-02-22,2021-02-22,3
US0258M0EL96,OG,2017-05-03,2027-05-03,3.3
US02765UEK60,OG,2010-12-21,2050-02-15,8.084
US03027XAA81,OG,2012-03-12,2022-03-15,4.7
US03027XAH35,OG,2016-01-12,2021-02-15,3.3
US03027XAP50,OG,2017-06-30,2027-07-15,3.55
US031162CP32,OG,2017-05-11,2022-05-11,2.65
US034863AM25,OG,2014-04-15,2021-04-15,4.125
US034863AP55,OG,2015-05-14,2025-05-14,4.875
US035242AP13,OG,2016-01-25,2026-02-01,3.65
US037833BX70,OG,2016-02-23,2046-02-23,4.65
US05367AAJ25,OG,2017-01-20,2022-01-20,2.875
US05531FAX15,OG,2017-03-21,2022-04-01,2.75
US05565EBF16,OG,2019-04-18,2022-04-14,2.95
US05565QCZ90,OG,2015-03-17,2022-03-17,3.062
US05578DAU63,OG,2016-02-03,2021-02-03,2.65
US05583JAA07,OG,2017-05-22,2022-05-22,3
US05971KAA79,OG,2015-11-19,2025-11-19,5.179
US06051GEN51,OG,2012-02-07,2042-02-07,5.875
US06051GGS21,OG,2017-09-18,2021-10-01,2.328
US06367WJM64,OG,2019-03-26,2022-03-26,2.9
US064255BG66,OG,2014-09-08,2021-09-08,2.85
US06738EAL92,OG,2016-01-12,2021-01-12,3.25
US06738EAQ89,OG,2016-08-10,2021-08-10,3.2
US072024NV09,OG,2010-07-01,2050-04-01,7.043
US07274NAA19,OG,2018-06-25,2021-06-25,3.5
US072863AC76,OG,2015-04-22,2045-11-15,4.185
US075887AW93,OG,2010-11-12,2020-11-12,3.25
US09659W2D51,OG,2018-01-09,2025-01-09,3.375
US101137AQ02,OG,2015-05-12,2022-05-15,3.375
US110122BN77,OG,2019-11-22,2025-08-15,3.875
US11134LAD10,OG,2018-02-14,2022-01-15,3
US11134LAK52,OG,2018-02-14,2021-01-15,2.2
US11135FAA93,OG,2019-04-05,2021-04-15,3.125
US115637AP57,OG,2015-06-29,2045-07-15,4.5
US12592BAE48,OG,2015-11-06,2020-11-06,4.375
US126650CT50,OG,2016-05-25,2021-06-01,2.125
US126650CW89,OG,2018-03-09,2025-03-25,4.1
US13033W3Y73,OG,2010-03-25,2049-05-15,6.486
US13063A5G50,OG,2009-04-28,2039-04-01,7.55
US13063BFR87,OG,2010-04-01,2040-03-01,7.625
US13063BJC72,OG,2010-12-01,2040-11-01,7.6
US133131AZ59,OG,2020-04-20,2030-05-15,2.8
US133434AD26,OG,2019-12-13,2039-01-15,3.701
US14040HBL87,OG,2017-03-09,2022-03-09,3.05
US14042E3Y48,OG,2014-07-24,2021-07-23,2.95
US14448CAH79,OG,2020-02-27,2027-02-15,2.493
US14913Q2T59,OG,2019-02-26,2022-02-26,2.95
US14913Q2W88,OG,2019-05-17,2021-05-17,2.65
US167725AC49,OG,2008-08-06,2040-12-01,6.899
US167725AF79,OG,2008-08-06,2040-12-01,6.899
US171798AD34,OG,2017-04-10,2027-05-15,3.9
US172967LG49,OG,2017-04-25,2022-04-25,2.75
US17325FAV04,OG,2019-02-19,2022-02-19,3.165
US20030NBM20,OG,2014-08-12,2034-08-15,4.2
US20030NBQ34,OG,2015-05-27,2045-08-15,4.6
US205887BZ43,OG,2018-10-22,2021-10-22,3.8
US20605PAG63,OG,2016-12-28,2025-01-15,4.375
US20772GF451,OG,2008-04-30,2032-03-15,5.85
US20772JAC62,OG,2010-10-19,2030-10-01,5.09
US20772KAG40,OG,2017-12-21,2025-01-15,3.23
US20826FAR73,OG,2016-03-08,2046-03-15,5.95
US209111FD03,OG,2014-03-06,2044-03-15,4.45
US21036PAK49,OG,2013-05-14,2021-05-01,3.75
US21684AAD81,OG,2015-08-04,2045-08-04,5.25
US22535WAA53,OG,2017-01-10,2022-01-10,3.375
US22546QAR83,OG,2014-10-29,2021-10-29,3
US22550L2A85,OG,2019-11-12,2021-11-12,2.1
US228227BD57,OG,2013-02-28,2023-01-15,5.25
US22822VAA98,OG,2016-02-08,2021-02-15,3.4
US22822VAD38,OG,2016-09-01,2021-09-01,2.25
US233851CZ53,OG,2017-11-14,2021-02-12,2.3
US233851DN15,OG,2018-11-05,2021-11-05,3.75
US24422EUT45,OG,2019-03-07,2022-04-01,2.95
US25156PAY97,OG,2017-01-19,2022-01-19,2.82
US25245BAB36,OG,2012-05-11,2022-05-11,2.875
US25272KAD54,OG,2016-06-01,2021-06-15,4.42
US25466AAN19,OG,2018-08-09,2028-08-09,4.682
US26441CAF23,OG,2011-08-25,2021-09-15,3.55
US268317AP93,OG,2015-10-13,2035-10-13,4.75
US268317AT16,OG,2018-09-21,2048-09-21,5
US268317AV61,OG,2018-09-21,2038-09-21,4.875
US26874RAE80,OG,2018-09-12,2028-09-12,4.75
US26884ABB89,OG,2014-06-19,2044-07-01,4.5
US26884TAD46,OG,2011-05-16,2021-08-16,4.5
US26885BAD29,OG,2018-06-25,2023-07-15,4.75
US283738AE21,OG,2013-08-29,2043-08-15,7.25
US29103DAF33,OG,2017-01-17,2021-06-15,2.7
US29278GAA67,OG,2017-05-25,2027-05-25,3.625
US29379VBS16,OG,2018-10-11,2022-02-01,3.5
US30040WAC29,OG,2017-03-10,2022-03-15,2.75
US313747AV99,OG,2014-11-14,2044-12-01,4.5
US337738AQ13,OG,2018-09-25,2023-10-01,3.8
US340711AY67,OG,2020-06-24,2030-07-01,2.55
US34959JAF57,OG,2017-06-15,2021-06-15,2.35
US36164QMS48,OG,2016-07-01,2020-11-15,2.342
US37045XBM74,OG,2016-07-05,2021-07-06,3.2
US375558AX11,OG,2014-03-07,2044-04-01,4.8
US377373AE54,OG,2018-05-15,2021-05-14,3.125
US377373AJ42,OG,2019-03-25,2022-06-01,2.875
US391382AB40,OG,2017-05-26,2047-06-03,4.15
US39138QAC96,OG,2018-05-17,2048-05-17,4.581
US404280AU33,OG,2015-08-18,2025-08-18,4.25
US404280AY54,OG,2016-05-25,2021-05-25,2.95
US404530AB34,OG,2018-04-25,2048-07-01,4.211
US416515BE33,OG,2019-08-19,2029-08-19,2.8
US423012AA16,OG,2012-04-03,2022-04-01,3.4
US428236BF92,OG,2010-12-02,2020-12-01,3.75
US42824CBC29,OG,2018-09-19,2021-10-05,3.5
US442331QM91,OG,2009-01-08,2032-03-01,6.29
US44328MAK09,OG,2011-01-19,2021-01-19,4.75
US44962LAA52,OG,2016-07-28,2022-11-01,5
US44962LAB36,OG,2017-02-09,2025-02-15,4.75
US451295A254,OG,2018-08-09,2048-03-01,5.02
US452252FH79,OG,2009-05-21,2034-01-01,6.184
US456837AG88,OG,2017-03-29,2022-03-29,3.15
US458140AP51,OG,2012-12-11,2042-12-15,4.25
US459200JX08,OG,2019-05-15,2022-05-13,2.85
US46115HAD98,OG,2011-02-24,2021-02-24,6.5
US46647PAM86,OG,2018-01-23,2029-01-23,3.509
US46647PAS56,OG,2018-06-18,2022-06-18,3.514
US46849LSP75,OG,2016-04-29,2021-04-29,2.25
US46849LTB70,OG,2018-06-11,2021-06-11,3.3
US478160BK90,OG,2013-12-05,2043-12-05,4.5
US49271VAE02,OG,2019-05-31,2021-05-25,3.551
US49326EED13,OG,2011-03-24,2021-03-24,5.1
US49327M2W30,OG,2018-06-13,2021-06-15,3.35
US49456BAA98,OG,2013-11-05,2021-02-15,5
US496902AJ65,OG,2012-06-18,2021-09-01,5.125
US539439AK53,OG,2016-07-06,2021-07-06,3.1
US539439AT62,OG,2018-08-16,2028-08-16,4.55
US53944YAC75,OG,2017-01-11,2022-01-11,3
US54438CPA44,OG,2010-07-22,2049-08-01,6.75
US544495VY79,OG,2010-12-02,2045-07-01,6.574
US544646XY34,OG,2009-10-15,2029-07-01,5.755
US552081AD31,OG,2012-07-17,2021-11-15,6
US55608JAK43,OG,2017-11-28,2028-11-28,3.763
US55608JAL26,OG,2018-03-27,2024-03-27,4.15
US55608JAN81,OG,2018-03-27,2029-03-27,4.654
US55608PAW41,OG,2016-01-15,2026-01-15,3.9
US571748BB78,OG,2017-01-12,2022-01-30,2.75
US57629WCD02,OG,2017-04-13,2022-04-13,2.5
US581760AV77,OG,2018-07-25,2048-05-15,4.386
US585055AW63,OG,2012-03-19,2042-03-15,4.5
US59217GAQ29,OG,2012-04-10,2022-04-11,3.875
US59217GCR83,OG,2018-10-09,2021-10-09,3.45
US59259NZH96,OG,2009-04-30,2039-11-15,7.336
US59259YBY41,OG,2010-01-13,2039-11-15,6.668
US59259YGF07,OG,2010-12-29,2040-11-15,6.814
US594918BL72,OG,2015-11-03,2045-11-03,4.45
US59562VBD82,OG,2014-04-28,2043-11-15,5.15
US606822AG93,OG,2016-09-13,2021-09-13,2.19
US606822AW44,OG,2018-07-26,2021-07-26,3.535
US606822BG84,OG,2019-03-07,2022-03-07,3.218
US60687YAB56,OG,2016-04-12,2021-04-12,2.632
US60920LAC81,OG,2016-10-28,2021-10-28,2
US617482V925,OG,2012-07-24,2042-07-24,6.375
US62854AAM62,OG,2017-01-31,2021-06-15,3.15
US62947QAU22,OG,2016-05-23,2021-06-01,4.125
US638612AK78,OG,2011-03-25,2021-03-25,5.375
US63861VAD91,OG,2019-04-26,2023-04-26,3.622
US641062AN41,OG,2018-09-24,2048-09-24,4
US646139X831,OG,2010-12-15,2041-01-01,7.102
US64952WCJ09,OG,2016-09-14,2021-09-14,1.7
US64966JAR77,OG,2010-12-21,2037-12-01,6.271
US64972FY341,OG,2010-11-18,2044-06-15,5.882
US64990FMV30,OG,2009-10-20,2039-03-15,5.427
US65120FAC86,OG,2012-10-01,2022-10-01,4.2
US65339KAS96,OG,2019-08-08,2021-09-01,2.403
US654740AV10,OG,2017-01-13,2022-01-13,2.8
US65557FAD87,OG,2012-09-21,2022-09-21,4.25
US662352AB99,OG,2013-09-17,2043-11-01,6.15
US686330AJ06,OG,2017-07-18,2027-07-18,3.7
US693475AZ80,OG,2020-01-22,2030-01-22,2.55
US69832AAA43,OG,2019-07-19,2022-07-19,2.536
US70014LAD29,OG,2017-09-25,2021-03-15,3.625
US709599AS35,OG,2015-02-02,2022-02-01,3.375
US709599BD56,OG,2019-01-29,2021-07-29,3.65
US714264AD02,OG,2011-10-25,2022-01-15,4.45
US72650RAY80,OG,2011-01-14,2021-02-01,5
US743756AE88,OG,2018-02-06,2048-10-01,3.93
US74432QCA13,OG,2014-05-15,2044-05-15,4.6
US747525AE30,OG,2015-05-20,2022-05-20,3
US754730AG43,OG,2020-03-31,2030-04-01,4.65
US75625QAC33,OG,2017-06-26,2022-06-24,2.375
US780099CH81,OG,2014-05-28,2024-05-28,5.125
US785592AM87,OG,2016-01-13,2025-03-01,5.625
US79467BBN47,OG,2018-02-22,2048-01-01,3.82
US79467BCM54,OG,2019-01-30,2040-01-01,4.637
US79741TAR59,OG,2010-02-04,2049-05-01,6.138
US82481LAB53,OG,2016-09-23,2021-09-23,2.4
US82620KAR41,OG,2017-03-16,2022-03-16,2.7
US8265Q0WE83,OG,2007-03-12,2009-03-12,0
US8265Q0XC19,OG,2007-04-30,2008-10-30,0
US8265Q0XD91,OG,2007-04-30,2008-10-30,0
US8265Q0XF40,OG,2007-05-14,2008-11-14,0
US8265Q0XG23,OG,2007-05-14,2008-11-14,0
US83368RAG74,OG,2016-04-08,2021-04-08,2.5
US837151JB67,OG,2013-08-21,2041-12-01,5.784
US853254AY62,OG,2016-01-15,2021-01-15,3.05
US854502AH46,OG,2018-11-06,2028-11-15,4.25
US858119BK53,OG,2019-12-11,2030-04-15,3.45
US86562MAB63,OG,2016-03-09,2021-03-09,2.934
US86562MAH34,OG,2016-10-19,2021-10-19,2.442
US86562MCA62,OG,2020-07-08,2025-07-08,1.474
US86657MBK18,OG,2016-11-16,2047-10-01,4.172
US86787EBA47,OG,2018-10-26,2021-10-26,3.525
US86944BAE39,OG,2018-04-04,2048-08-15,4.091
US87165BAC72,OG,2014-08-11,2021-08-15,3.75
US87236YAF51,OG,2017-04-27,2027-04-01,3.3
US88732JAX63,OG,2010-11-15,2021-02-15,4.125
US891906AD10,OG,2016-03-17,2021-04-01,3.8
US89352HAL33,OG,2013-10-07,2043-10-16,5
US90351DAD93,OG,2016-04-05,2021-04-15,3
US90351DAF42,OG,2016-04-05,2026-04-15,4.125
US904678AJ86,OG,2019-01-15,2022-01-14,6.572
US911312BC97,OG,2017-05-16,2022-05-16,2.35
US913366EP17,OG,2010-11-18,2048-05-15,6.548
US91481CAB63,OG,2017-12-13,2047-08-15,4.008
US92340LAF67,OG,2020-06-29,2028-01-15,3.4
US92343VDU52,OG,2017-03-16,2037-03-16,5.25
US92857WBH25,OG,2018-05-30,2024-01-16,3.75
US92928QAC24,OG,2017-04-05,2022-04-05,3.15
US92928QAH11,OG,2019-10-15,2027-01-15,2.875
US931427AQ19,OG,2016-06-01,2026-06-01,3.45
US949746RF01,OG,2014-02-04,2044-01-15,5.606
US94988J5T07,OG,2018-10-23,2021-10-22,3.625
US959802AU35,OG,2017-03-15,2022-03-15,3.6
US960413AW24,OG,2020-06-12,2030-06-15,3.375
US96949LAA35,OG,2015-03-03,2022-03-15,3.6
US97063PAB04,OG,2011-03-17,2021-03-15,5.75
XS0053792700,OG,1994-10-28,2024-10-28,0
XS0071996515,OG,1997-01-21,2027-01-21,0
XS0100373017,OG,1999-09-01,2029-09-03,0
XS0109077486,OG,2000-03-15,2030-03-15,0
XS0161488498,OG,NULL,2033-01-24,7.5
XS0162513211,OG,2003-02-14,2033-02-14,5.75
XS0177618039,OG,2003-10-10,2033-10-10,5
XS0219724878,OG,2005-05-18,2037-10-15,4
XS0222474339,OG,2005-06-23,2021-01-18,3.75
XS0232778083,OG,2005-10-19,2020-10-19,3.5
XS0236181334,OG,2005-12-07,2035-02-15,0
XS0254356057,OG,NULL,2021-05-17,0
XS0256171777,OG,2006-06-09,2022-01-18,4.375
XS0256775957,OG,2006-06-20,2021-06-20,5.75
XS0260981658,OG,2006-07-13,2021-07-13,4.5
XS0271758301,OG,2006-10-27,2021-10-27,4.875
XS0288429532,OG,2007-02-22,2027-02-22,4.625
XS0289011198,OG,2007-02-27,2022-02-28,4.375
XS0290214146,OG,2007-03-09,2009-03-09,0
XS0304458051,OG,2007-06-06,2022-06-06,5.375
XS0304459026,OG,2007-06-08,2022-06-08,4.75
XS0307792159,OG,2007-06-27,2022-06-27,4.875
XS0412842857,OG,2009-02-10,2021-08-10,6.5
XS0416848520,OG,2009-03-11,2021-03-11,5.625
XS0417209052,OG,2009-03-17,2021-03-17,6.25
XS0427291751,OG,2009-05-07,2025-10-15,4.5
XS0438844093,OG,2009-07-07,2039-07-07,6.125
XS0454773713,OG,2009-09-30,2024-09-30,5.625
XS0458257796,OG,2009-10-19,2021-10-19,5
XS0468954523,OG,2009-11-27,2099-12-31,0
XS0502286908,OG,2010-04-16,2025-04-16,4.875
XS0505157965,OG,2010-04-29,2030-04-15,4
XS0519902851,OG,2010-06-28,2022-06-28,4.75
XS0525146907,OG,2010-07-13,2020-07-13,4
XS0525602339,OG,2010-07-14,2025-07-14,4.125
XS0525787874,OG,2010-07-13,2022-07-13,4.25
XS0525912449,OG,2010-07-14,2021-01-14,6
XS0527239221,OG,2010-07-22,2020-07-22,6.75
XS0541140793,OG,2010-09-14,2021-04-14,3.625
XS0543882095,OG,2010-09-23,2021-03-23,4
XS0544644957,OG,2010-09-28,2022-09-28,3
XS0545428285,OG,NULL,2025-10-01,3.875
XS0557252417,OG,2010-11-09,2020-11-09,3.75
XS0593606121,OG,2011-02-21,2023-02-21,4.625
XS0595092098,OG,2011-02-24,2021-02-24,4.375
XS0605214336,OG,2011-03-15,2021-03-15,4.75
XS0605958791,OG,2011-03-17,2021-01-15,3.625
XS0611398008,OG,2011-03-30,2022-03-30,6.625
XS0629937409,OG,2011-05-24,2021-05-24,4
XS0637846725,OG,NULL,2021-06-16,3.875
XS0648186517,OG,2011-07-13,2021-07-13,3.625
XS0670798171,OG,2011-08-30,2021-08-30,2.875
XS0671138377,OG,2011-08-31,2021-08-31,2.875
XS0676294696,OG,2011-09-13,2021-09-15,2.75
XS0746010908,OG,2012-02-14,2024-02-14,3.625
XS0750894577,OG,2012-02-24,2022-05-24,3.875
XS0752092311,OG,2012-03-01,2022-03-01,4.25
XS0758420748,OG,2012-03-19,2024-03-19,3.5
XS0760364116,OG,2012-03-28,2022-03-28,3.625
XS0787786440,OG,2012-05-29,2024-05-29,3
XS0802174044,OG,2012-07-12,2021-07-12,3
XS0811124790,OG,2012-08-01,2021-02-01,3.25
XS0811554962,OG,2012-08-02,2020-08-04,2.125
XS0811555183,OG,NULL,2025-08-04,2.875
XS0825855751,OG,2012-09-06,2022-09-06,2.25
XS0831560742,OG,2012-09-24,2020-09-24,2.5
XS0834367863,OG,2012-09-27,2022-09-27,2.625
XS0834385923,OG,2012-09-25,2027-09-24,3.25
XS0854746343,OG,2012-11-15,2022-11-15,2.625
XS0857662448,OG,NULL,2024-11-27,2.375
XS0858366098,OG,2012-11-27,2020-09-15,1.375
XS0861594652,OG,2012-12-04,2020-12-04,1.875
XS0863484035,OG,2012-12-13,2022-12-13,2.375
XS0863907522,OG,2012-12-12,2042-12-12,7.75
XS0866310088,OG,2012-12-17,2032-12-17,3.55
XS0867612466,OG,2013-06-07,2023-06-07,4
XS0874864860,OG,2013-01-22,2023-01-23,3.987
XS0877622034,OG,2013-01-24,2023-01-24,2.375
XS0878743623,OG,NULL,2043-07-04,5.125
XS0879869187,OG,2013-02-01,2021-02-01,3.5
XS0881362502,OG,2013-02-01,2023-02-01,2.375
XS0903433513,OG,NULL,2023-03-15,2.5
XS0907289978,OG,NULL,2021-03-26,3.961
XS0909369489,OG,2013-04-03,2023-04-03,3.125
XS0911388675,OG,NULL,2043-04-04,6
XS0911691003,OG,2013-04-04,2021-04-06,2
XS0914294979,OG,2013-04-10,2021-01-29,3.375
XS0924998809,OG,2013-04-30,2033-04-29,3.125
XS0940293763,OG,2013-06-05,2028-06-05,3
XS0942082115,OG,2013-06-12,2025-06-12,2.875
XS0951155869,OG,2013-07-10,2023-07-10,3.125
XS0951395317,OG,2013-07-09,2020-07-09,1.875
XS0951553592,OG,NULL,2043-07-05,6.125
XS0951565091,OG,2013-07-09,2023-07-10,3.25
XS0968316256,OG,2013-09-04,2020-09-04,2
XS0969341147,OG,2013-09-06,2073-09-06,6.375
XS0969572204,OG,2013-09-10,2025-09-10,2.875
XS0972165681,OG,2013-09-13,2021-02-17,2.517
XS0972165848,OG,2013-09-30,2020-09-30,2
XS0972523947,OG,NULL,2025-09-18,5.75
XS0972530561,OG,2013-09-19,2023-09-19,3.375
XS0974877150,OG,2013-09-30,2020-09-30,3.375
XS0975256685,OG,NULL,2021-10-07,3.625
XS0981442931,OG,NULL,2020-10-15,2.75
XS0982549197,OG,2013-10-21,2020-10-21,1.75
XS0983704718,OG,NULL,2025-10-21,4
XS0984087204,OG,NULL,2033-10-24,3
XS0986174851,OG,2013-10-29,2021-02-26,2.875
XS0990109240,OG,2013-11-13,2022-01-31,3
XS0991099630,OG,2013-11-07,2025-11-07,2.875
XS0993145084,OG,NULL,2021-12-17,2.65
XS0993148856,OG,NULL,2025-12-17,3.5
XS0994797529,OG,2013-11-19,2020-11-19,1.375
XS0995380580,OG,2013-11-20,2021-01-20,4.125
XS0995643003,OG,2013-11-20,2023-11-20,3
XS0995811741,OG,2013-11-20,2020-11-20,2.75
XS0996354956,OG,2013-11-22,2021-11-22,2.625
XS1001749289,OG,2013-12-06,2028-12-06,3.125
XS1014018045,OG,NULL,2024-01-16,2.5
XS1014627571,OG,2014-01-14,2021-01-14,3.25
XS1015884833,OG,NULL,2021-01-15,1.75
XS1016363308,OG,2014-01-16,2021-01-15,0
XS1017763100,OG,2014-01-21,2021-01-21,2.625
XS1017833242,OG,2014-01-22,2024-01-22,2.5
XS1018032950,OG,NULL,2022-01-17,3.5
XS1019709069,OG,NULL,2021-01-22,2
XS1019821732,OG,NULL,2024-01-22,3
XS1023268573,OG,2014-01-24,2021-01-25,1.875
XS1028599287,OG,2014-02-07,2099-12-31,5.25
XS1028950290,OG,2014-07-15,2099-12-31,4.5
XS1030900242,OG,NULL,2026-02-17,3.25
XS1031019562,OG,2014-02-11,2023-02-15,2.5
XS1032978345,OG,NULL,2021-10-18,2.5
XS1033736890,OG,2014-02-18,2021-02-18,2.75
XS1037382535,OG,NULL,2026-02-25,3.625
XS1040506112,OG,2014-02-28,2021-09-28,2.177
XS1040506898,OG,2014-02-28,2026-02-27,2.972
XS1044744032,OG,2014-03-12,2021-04-15,1.5
XS1046827405,OG,NULL,2026-03-20,2.875
XS1048519596,OG,2014-03-28,2021-03-29,2.25
XS1048519679,OG,2014-03-25,2026-03-25,2.5
XS1048521733,OG,2014-03-24,2021-03-24,1.625
XS1048529041,OG,2014-03-24,2026-03-24,2.5
XS1050547857,OG,2014-03-31,2021-03-31,2.375
XS1051003538,OG,2014-04-01,2021-04-01,2.75
XS1054522922,OG,2014-04-08,2044-04-08,4.625
XS1055037177,OG,NULL,2099-12-31,6.5
XS1055095704,OG,2014-04-09,2021-04-09,1.375
XS1057055060,OG,2014-04-24,2022-10-24,2.5
XS1057478023,OG,2014-04-16,2021-04-16,1.375
XS1060350326,OG,2014-04-24,2024-04-24,1.75
XS1068874970,OG,2014-05-22,2024-05-22,2.375
XS1069439740,OG,2014-05-20,2099-12-31,3.875
XS1069552393,OG,2014-05-23,2022-05-23,1.875
XS1070075988,OG,2014-05-23,2021-05-24,1.75
XS1071713470,OG,2014-05-28,2024-05-28,2.5
XS1072796870,OG,NULL,2026-05-28,2.5
XS1074144871,OG,2014-06-03,2026-06-03,2.875
XS1076018131,OG,2014-06-11,2024-03-15,2.4
XS1076781589,OG,2014-06-13,2099-12-31,4.375
XS1077631635,OG,NULL,2021-06-13,1.625
XS1079726334,OG,2014-06-19,2024-06-19,2.375
XS1083986718,OG,NULL,2044-07-03,3.875
XS1086835979,OG,2014-07-15,2022-07-15,1.75
XS1107890763,OG,2014-09-10,2021-09-10,1
XS1109802568,OG,2014-09-11,2025-09-11,1.875
XS1110449458,OG,NULL,2021-09-16,1.375
XS1110558407,OG,NULL,2026-09-16,2.5
XS1111123987,OG,NULL,2099-12-31,5.25
XS1111324700,OG,2014-09-18,2022-01-18,2.625
XS1111559925,OG,2014-09-18,2029-09-18,2.125
XS1112013666,OG,2014-09-22,2026-09-22,2.25
XS1112678989,OG,2014-09-22,2026-09-22,1.875
XS1112850125,OG,2014-09-23,2024-09-23,2.375
XS1115498260,OG,2014-10-01,2099-12-31,5
XS1115800655,OG,NULL,2099-12-31,5
XS1117279379,OG,2015-12-08,2025-12-08,1.5
XS1117297785,OG,2015-05-06,2025-05-06,1.25
XS1120892507,OG,2014-10-17,2029-10-17,2.932
XS1132402709,OG,2014-10-31,2021-10-31,1.375
XS1134541306,OG,2014-11-07,2099-12-31,3.941
XS1135334800,OG,2014-11-10,2022-11-10,1
XS1135337498,OG,2014-11-10,2026-11-10,1.625
XS1140297000,OG,NULL,2021-11-19,0.625
XS1142279782,OG,2014-11-24,2025-04-15,2
XS1143093976,OG,NULL,2024-11-26,1.25
XS1143163183,OG,2014-11-26,2023-05-26,1.25
XS1144086110,OG,NULL,2022-06-01,1.45
XS1146282634,OG,2014-12-01,2024-03-01,1.625
XS1146286205,OG,2014-12-01,2031-12-01,2.625
XS1152338072,OG,NULL,2074-12-12,2.625
XS1166160173,OG,2015-01-14,2022-01-14,1.125
XS1166201035,OG,2015-01-14,2025-01-14,1.25
XS1167352613,OG,NULL,2022-01-20,0.875
XS1168962063,OG,2015-01-21,2025-01-21,1
XS1169977896,OG,2015-01-21,2022-01-21,0.625
XS1170787797,OG,2015-01-23,2023-01-23,1
XS1171489393,OG,2015-01-21,2022-07-21,0.75
XS1171526772,OG,2015-01-27,2022-01-27,0.625
XS1173792059,OG,NULL,2025-01-28,1.75
XS1176079843,OG,2015-01-27,2025-01-27,1.966
XS1178105851,OG,2015-02-02,2022-02-02,0.875
XS1179916017,OG,2015-02-03,2025-06-03,1.25
XS1180651587,OG,2015-02-04,2099-12-31,4.25
XS1186131717,OG,NULL,2022-02-10,1.134
XS1186176571,OG,2015-02-11,2030-02-11,1.5
XS1188094673,OG,NULL,2022-02-11,0.75
XS1190624038,OG,2015-02-17,2027-02-17,1.25
XS1190624111,OG,2015-02-17,2023-02-17,0.875
XS1190973559,OG,2015-02-16,2023-02-16,1.109
XS1190987427,OG,NULL,2099-12-31,5.875
XS1195201931,OG,NULL,2099-12-31,2.25
XS1195202822,OG,2015-02-26,2099-12-31,2.625
XS1195574881,OG,2015-02-27,2025-02-27,2.625
XS1196380031,OG,2015-03-09,2035-03-15,2.45
XS1196503137,OG,2015-03-03,2027-03-03,1.8
XS1196759010,OG,2015-03-03,2022-03-03,0.75
XS1197351577,OG,2015-03-04,2022-03-04,1.125
XS1197833137,OG,2015-03-09,2035-03-09,1.625
XS1201001572,OG,NULL,2025-03-18,2.5
XS1202212137,OG,NULL,2022-03-13,0.875
XS1202213291,OG,2015-03-13,2027-03-13,1.4
XS1202846819,OG,2015-03-17,2021-03-17,1.25
XS1204154410,OG,NULL,2027-03-17,2.625
XS1209863254,OG,2015-03-26,2025-03-26,1.375
XS1216647716,OG,NULL,2021-10-14,0.75
XS1218287230,OG,NULL,2022-04-14,1.25
XS1218821756,OG,2015-04-16,2025-04-16,1
XS1219462543,OG,2015-04-24,2025-04-24,1.125
XS1219642441,OG,2015-04-22,2027-04-22,2
XS1222422856,OG,2015-04-23,2022-04-25,1.125
XS1222591023,OG,NULL,2075-04-23,3
XS1224955408,OG,2015-04-28,2030-04-29,1.5
XS1225004461,OG,2015-04-28,2022-10-28,0.75
XS1231153096,OG,2015-06-05,2037-02-25,3.1261
XS1233734562,OG,NULL,2027-05-28,1.75
XS1237271421,OG,NULL,2027-05-26,1.875
XS1238901166,OG,2015-05-28,2023-05-26,1.25
XS1241581179,OG,2015-06-04,2021-06-04,0.875
XS1242413679,OG,2015-06-04,2045-12-04,3.375
XS1243995641,OG,2015-06-09,2025-06-09,0.75
XS1250034276,OG,2015-07-21,2022-07-21,2.15
XS1253955469,OG,2015-06-30,2025-06-30,2.875
XS1254428896,OG,2015-06-30,2025-06-30,3
XS1255436005,OG,2015-07-08,2022-01-04,1.7
XS1265805090,OG,2015-07-27,2023-07-27,2
XS1271698612,OG,2015-08-05,2022-03-15,0.375
XS1278718686,OG,NULL,2099-12-31,5.75
XS1284570626,OG,2015-09-01,2022-09-01,1.375
XS1287843905,OG,NULL,2020-12-16,0.5
XS1288335521,OG,2015-09-09,2021-03-09,1
XS1288342659,OG,2015-09-11,2022-11-10,1.375
XS1288849471,OG,2015-09-10,2025-09-10,2.375
XS1288858548,OG,NULL,2025-09-11,3
XS1288894691,OG,2015-09-15,2025-09-15,1.75
XS1288903278,OG,NULL,2022-09-12,1.5
XS1290850707,OG,2015-09-14,2022-09-14,1.625
XS1291448824,OG,2015-09-16,2022-09-16,2.25
XS1292389415,OG,2015-09-17,2027-09-17,2
XS1292474282,OG,2015-09-17,2022-09-19,0.375
XS1293087703,OG,2015-09-24,2022-09-26,1.375
XS1294342792,OG,NULL,2099-12-31,5.25
XS1294518318,OG,2015-09-22,2022-09-22,0.625
XS1309436753,OG,NULL,2076-04-22,4.75
XS1310032260,OG,2015-10-22,2035-10-22,2.125
XS1310493744,OG,2015-10-26,2022-10-26,1.5
XS1310647729,OG,2015-10-23,2020-10-23,0.125
XS1310934382,OG,2015-10-26,2026-04-27,2
XS1311139601,OG,2015-10-27,2022-10-27,0.375
XS1311440082,OG,2015-10-27,2047-10-27,5.5
XS1314318301,OG,2015-11-02,2023-11-02,1.125
XS1315157153,OG,2015-11-04,2020-11-04,0.125
XS1316037545,OG,2015-11-12,2020-11-12,1.5
XS1316569638,OG,2015-11-04,2025-11-04,1.875
XS1317439559,OG,2015-11-10,2025-11-10,1.875
XS1317725726,OG,2015-11-09,2020-11-09,1.528
XS1319647068,OG,NULL,2025-11-11,2.625
XS1325080890,OG,2015-11-25,2020-11-25,0.875
XS1325645825,OG,2015-11-27,2026-01-27,2.75
XS1333139746,OG,2015-12-14,2022-12-14,1.125
XS1333702691,OG,2015-12-16,2021-02-16,0.875
XS1334225361,OG,2015-12-16,2020-12-16,2.125
XS1342506158,OG,2016-01-14,2036-01-14,1.5
XS1346089359,OG,2016-01-18,2021-01-18,0.375
XS1346228577,OG,2016-03-30,2047-07-06,3.375
XS1346315200,OG,2016-01-20,2021-01-20,1
XS1347758663,OG,NULL,2024-01-22,0.375
XS1348774644,OG,NULL,2023-01-25,0.75
XS1361115402,OG,2016-02-09,2023-02-09,1.75
XS1361554584,OG,2016-02-10,2036-09-15,1.125
XS1362349943,OG,2016-02-11,2021-02-11,1.66
XS1368470156,OG,2016-02-22,2023-02-22,1
XS1370695477,OG,2016-03-03,2021-03-03,1.375
XS1372838679,OG,2016-02-25,2023-08-25,1.75
XS1372839214,OG,2016-02-25,2026-08-25,2.2
XS1373987707,OG,2016-03-02,2022-03-02,1.875
XS1375841233,OG,2016-03-07,2024-09-06,1.125
XS1375956569,OG,2016-03-03,2022-03-03,1.373
XS1377682676,OG,2016-03-10,2024-11-11,1.875
XS1377745937,OG,NULL,2024-09-25,1.75
XS1378880253,OG,2016-03-11,2026-10-01,2.875
XS1379171140,OG,2016-03-11,2024-03-11,1.75
XS1379182006,OG,NULL,2022-03-15,1.5
XS1379630608,OG,2016-03-16,2021-03-16,0.2
XS1380334141,OG,2016-03-15,2024-03-15,1.3
XS1382368113,OG,2016-03-22,2023-03-22,2.5
XS1382791546,OG,2016-03-22,2021-10-15,0.1
XS1382791975,OG,2016-03-23,2028-04-03,1.5
XS1382792197,OG,2016-03-23,2023-04-03,0.625
XS1384064587,OG,2016-04-04,2026-04-04,3.25
XS1384281090,OG,2016-03-22,2026-05-12,1.375
XS1385395121,OG,2016-03-23,2023-03-23,2.375
XS1385945131,OG,2016-03-24,2026-03-24,2.375
XS1387174375,OG,2016-03-30,2023-03-30,2.25
XS1388661651,OG,2016-04-01,2021-04-01,0.375
XS1391085740,OG,2016-04-08,2023-04-06,1.25
XS1391086987,OG,2016-04-08,2028-04-06,2
XS1392459381,OG,2016-04-11,2026-04-10,1.5
XS1392927072,OG,2016-04-13,2026-04-13,0.5
XS1395057430,OG,2016-04-14,2026-04-14,1.125
XS1395180802,OG,2016-04-15,2024-04-15,2.625
XS1396261338,OG,2016-04-15,2024-04-15,0.75
XS1396767854,OG,2016-04-19,2026-04-19,1.25
XS1400165350,OG,2016-04-27,2026-04-27,1.125
XS1400167133,OG,2016-04-22,2026-04-22,0.875
XS1401197253,OG,2016-04-28,2036-04-28,2
XS1403264291,OG,NULL,2028-05-03,1.75
XS1403388694,OG,2016-05-05,2028-05-05,1.375
XS1405765733,OG,2016-11-09,2026-11-09,1.25
XS1405769487,OG,NULL,2025-11-03,0.875
XS1405770907,OG,NULL,2077-04-05,3.375
XS1405775534,OG,NULL,2028-09-12,1.375
XS1405775708,OG,NULL,2024-09-12,0.75
XS1405780963,OG,2016-07-07,2026-07-07,1.375
XS1409726731,OG,2016-05-16,2036-05-16,1.375
XS1411401083,OG,NULL,2028-05-12,1.25
XS1413581205,OG,2016-05-18,2099-12-31,3.875
XS1415535183,OG,2016-05-26,2022-02-24,0.75
XS1415535696,OG,2016-05-26,2028-05-26,1.75
XS1418631930,OG,NULL,2021-05-24,1
XS1419646317,OG,2016-05-25,2028-05-25,1.5
XS1420338102,OG,NULL,2028-05-26,2.25
XS1422919594,OG,2016-06-01,2021-06-01,0.625
XS1423826798,OG,2016-06-01,2023-06-01,1.75
XS1425966287,OG,2016-06-01,2026-06-01,1.375
XS1428773763,OG,NULL,2048-06-08,5
XS1431730388,OG,2016-06-10,2024-06-10,0.125
XS1432384664,OG,2016-06-13,2026-06-13,1
XS1443997819,OG,2016-07-12,2028-07-12,0.75
XS1456422135,OG,NULL,2024-01-25,0.625
XS1458405898,OG,NULL,2023-07-26,0.75
XS1458408561,OG,2016-07-27,2026-07-27,1.625
XS1463043973,OG,2016-08-02,2027-02-02,1
XS1471646965,OG,NULL,2024-02-12,1.125
XS1485597329,OG,2016-09-06,2024-09-06,0.875
XS1485643610,OG,2016-09-02,2036-09-02,1.1
XS1487315860,OG,2016-09-08,2023-09-08,1.125
XS1489409679,OG,2016-09-14,2023-10-16,0
XS1490726590,OG,2016-09-15,2025-09-15,0.375
XS1497312295,OG,2016-10-03,2024-10-03,0.875
XS1499604905,OG,2016-09-30,2024-01-30,0.5
XS1500338618,OG,2016-10-05,2037-11-13,0.5
XS1501166869,OG,2016-10-06,2099-12-31,3.369
XS1501367921,OG,2016-10-07,2026-10-07,1
XS1501560848,OG,2016-10-07,2026-10-07,0.125
XS1505554771,OG,2016-10-17,2031-10-17,1.93
XS1505573482,OG,2016-10-25,2026-10-25,0.875
XS1505884723,OG,2016-10-18,2023-10-18,1.125
XS1508588875,OG,2016-10-25,2020-10-25,0
XS1509006380,OG,2016-11-01,2025-05-01,1.25
XS1511787589,OG,2016-10-27,2026-10-27,1.375
XS1515222468,OG,2016-11-09,2036-11-09,1.625
XS1527192485,OG,2016-11-29,2027-01-29,1.375
XS1527556192,OG,2016-11-30,2027-05-28,1.625
XS1529838085,OG,2016-12-02,2022-12-02,1
XS1538284230,OG,2016-12-20,2026-12-20,1.875
XS1548533329,OG,2017-01-12,2026-11-26,0.625
XS1548776498,OG,2017-01-12,2021-09-13,0.869
XS1549372420,OG,2017-01-18,2021-01-18,0.5
XS1550134602,OG,2017-01-17,2024-01-17,0.75
XS1550951211,OG,2017-01-17,2025-01-17,1.528
XS1550988569,OG,2017-01-13,2023-01-13,0.875
XS1550988643,OG,2017-01-13,2048-01-13,4.625
XS1551678409,OG,2017-01-19,2023-07-19,2.5
XS1551917591,OG,2017-01-19,2027-01-19,1.625
XS1554112281,OG,NULL,2022-01-31,1.5
XS1555080198,OG,2017-01-24,2024-01-24,0.25
XS1557096267,OG,2017-01-30,2024-01-30,0.875
XS1557268221,OG,2017-02-09,2022-02-09,1.375
XS1560863802,OG,2017-02-07,2025-02-07,1.379
XS1561572287,OG,2017-02-08,2037-02-06,1.4
XS1564325550,OG,2017-02-13,2024-07-15,0.25
XS1564337993,OG,2017-02-13,2025-02-28,1.875
XS1566190945,OG,2017-02-15,2047-02-15,2.25
XS1570260460,OG,2017-02-23,2027-02-23,2
XS1571331955,OG,2017-03-01,2027-03-01,1.25
XS1572146162,OG,2017-03-01,2021-03-01,0.125
XS1574672397,OG,2017-03-09,2024-03-08,0.5
XS1574681620,OG,2017-03-06,2021-11-22,0.375
XS1575444622,OG,2017-03-07,2025-03-07,1
XS1575474371,OG,2017-03-07,2022-09-07,0.35
XS1576837725,OG,2017-03-22,2021-03-22,0.375
XS1576838376,OG,2017-03-22,2024-03-22,1
XS1577586321,OG,2017-03-17,2025-03-17,1
XS1589806907,OG,2017-04-04,2026-04-07,1.625
XS1590823859,OG,2017-04-11,2028-04-11,3
XS1594302868,OG,2017-04-10,2024-04-10,0.125
XS1594368539,OG,NULL,2022-04-12,0.346
XS1599125157,OG,2017-04-19,2023-04-19,0.625
XS1602547264,OG,2017-04-27,2027-05-04,1.776
XS1603892149,OG,NULL,2027-04-27,1.875
XS1605365193,OG,2017-05-03,2027-05-03,1.375
XS1612513132,OG,2017-07-06,2020-07-06,3.25
XS1612542669,OG,2017-05-17,2022-05-17,0.375
XS1612542826,OG,2017-05-17,2025-05-17,0.875
XS1613140489,OG,2017-05-23,2022-05-23,0.5
XS1613374559,OG,2017-05-17,2032-05-17,1.125
XS1614198262,OG,NULL,2024-05-15,1.375
XS1614416193,OG,2017-05-17,2025-11-17,1.5
XS1616411036,OG,2017-05-22,2021-08-23,0.375
XS1617831026,OG,2017-05-26,2027-05-26,1.25
XS1619283218,OG,2017-05-26,2021-05-26,0.25
XS1619312173,OG,2017-05-24,2025-05-24,0.875
XS1619567677,OG,2017-05-26,2027-05-26,0.95
XS1619568139,OG,2017-05-26,2047-05-26,2.1
XS1623360028,OG,2017-06-02,2022-06-02,0.25
XS1627193359,OG,NULL,2027-06-14,1.375
XS1627602201,OG,2017-06-21,2027-06-21,1.875
XS1629866432,OG,2017-06-21,2036-09-04,3.15
XS1632897762,OG,2017-06-26,2025-06-26,0.75
XS1637162592,OG,2017-06-30,2027-06-30,1.2
XS1637277572,OG,NULL,2024-06-27,1
XS1645494375,OG,2017-07-12,2024-07-12,1
XS1647404554,OG,NULL,2022-07-18,0.875
XS1651071877,OG,2017-07-24,2026-01-23,1.4
XS1651453729,OG,2017-07-25,2029-07-25,2
XS1652855815,OG,2017-07-24,2027-07-24,1.5
XS1652866002,OG,2017-07-26,2027-07-26,1.375
XS1671760384,OG,2017-09-06,2023-09-06,0.5
XS1673096829,OG,2017-08-29,2025-08-29,0.25
XS1676933853,OG,2017-09-05,2027-09-05,1.125
XS1677902162,OG,2017-09-06,2023-09-06,0.5
XS1681521081,OG,2017-09-12,2028-01-12,1.715
XS1685481332,OG,2017-09-18,2024-09-18,0.625
XS1689595830,OG,2017-09-26,2024-09-26,0.25
XS1691781865,OG,2017-10-03,2029-10-03,1.5
XS1692332684,OG,2017-10-03,2029-10-03,1.936
XS1693260702,OG,2017-10-03,2022-10-03,0.75
XS1693281534,OG,2017-10-03,2023-10-03,0.75
XS1694219780,OG,2017-10-11,2024-10-11,0.934
XS1701458017,OG,2017-10-18,2024-10-18,0.25
XS1702729275,OG,2017-10-19,2027-10-19,1.25
XS1706111793,OG,2017-10-23,2026-10-23,1.342
XS1707074941,OG,2017-11-02,2024-01-18,0.375
XS1708161291,OG,NULL,2026-10-27,1.375
XS1716820029,OG,2017-11-14,2023-11-14,0.625
XS1717355561,OG,2017-11-15,2027-11-15,1.625
XS1717567587,OG,2017-11-16,2021-11-16,0
XS1718393439,OG,2017-11-15,2025-05-15,0.875
XS1718418103,OG,2017-11-15,2027-11-15,0.875
XS1719154574,OG,2017-11-17,2024-06-19,0.5
XS1720639779,OG,2017-11-21,2021-07-21,0
XS1720642138,OG,2017-11-21,2024-11-21,0.625
XS1721051495,OG,2017-11-20,2027-11-22,1.5
XS1721244371,OG,2017-11-22,2099-12-31,1.875
XS1721423462,OG,2017-11-20,2025-11-20,1.125
XS1725633413,OG,NULL,2029-11-28,1.5
XS1732232340,OG,2017-12-13,2024-12-13,0.625
XS1732400319,OG,2017-12-07,2023-12-07,0.875
XS1734548487,OG,NULL,2023-06-15,0.75
XS1734689620,OG,2017-12-14,2026-12-14,1
XS1748456974,OG,NULL,2026-06-11,1.125
XS1750122225,OG,2018-01-17,2025-07-17,0.75
XS1750986744,OG,2018-01-16,2026-09-16,1.125
XS1751004232,OG,NULL,2025-01-17,1.125
XS1753042743,OG,2018-01-18,2048-10-16,1.5
XS1757377400,OG,2018-02-08,2099-12-31,1.625
XS1757442071,OG,NULL,2021-01-25,0.339
XS1766857434,OG,2018-02-07,2022-02-07,0.203
XS1767931121,OG,2018-02-08,2028-02-08,2.125
XS1774629346,OG,2018-02-21,2023-02-21,0.625
XS1782803503,OG,2018-03-02,2028-03-02,1.25
XS1784246701,OG,NULL,2025-03-05,1.25
XS1787477543,OG,2018-03-19,2026-03-19,1.125
XS1788515861,OG,NULL,2022-03-02,0.625
XS1788834700,OG,2018-03-08,2026-03-08,1.5
XS1789176846,OG,2018-03-15,2028-03-15,1.75
XS1790990474,OG,2018-03-13,2025-03-13,1.375
XS1791423178,OG,2018-03-14,2033-07-14,1.25
XS1793252419,OG,2018-03-19,2025-03-19,1.25
XS1793349926,OG,2018-03-23,2026-03-23,1.125
XS1794195724,OG,2018-03-20,2022-03-20,0.061
XS1794344827,OG,2018-03-20,2028-03-20,1.125
XS1795252672,OG,NULL,2028-03-21,1.625
XS1795254025,OG,2018-03-21,2023-03-21,0.5
XS1795353199,OG,2018-03-21,2023-07-15,0.452
XS1796209010,OG,2018-03-22,2028-03-22,2
XS1797138960,OG,2018-03-26,2099-12-31,2.625
XS1799045197,OG,2018-03-27,2025-03-27,0.375
XS1799061558,OG,2018-05-22,2023-05-22,0.875
XS1799611642,OG,2018-03-26,2049-05-28,3.25
XS1802465846,OG,2018-04-11,2028-04-11,1.5
XS1803247557,OG,2018-04-12,2026-10-12,1.125
XS1806124753,OG,2018-04-13,2025-04-13,1.25
XS1808338542,OG,2018-04-17,2024-04-17,1
XS1808739459,OG,2018-04-18,2025-04-22,0.875
XS1809240515,OG,2018-04-19,2023-04-19,1.125
XS1810087251,OG,2018-04-26,2022-10-26,0.125
XS1813593313,OG,2018-04-27,2026-04-27,1.625
XS1815116568,OG,2018-05-02,2024-05-02,0.75
XS1823246803,OG,2018-05-22,2026-05-22,1.125
XS1823485039,OG,2018-05-22,2025-05-22,1
XS1823502650,OG,2018-05-22,2025-05-22,0.875
XS1823532640,OG,NULL,2023-11-22,1.125
XS1824294901,OG,2018-05-25,2023-05-25,0.2
XS1825405878,OG,2018-05-25,2023-05-25,0.125
XS1828032786,OG,2018-06-01,2025-12-01,1.375
XS1828033834,OG,2018-06-01,2029-12-01,2
XS1829217428,OG,2018-05-30,2022-11-30,0.75
XS1830992480,OG,NULL,2021-09-08,0.625
XS1840618059,OG,2018-06-26,2026-06-26,1.5
XS1850111789,OG,2018-07-03,2025-07-16,0.375
XS1852213930,OG,2018-07-05,2021-07-05,0.25
XS1854166078,OG,2018-07-10,2026-07-10,2
XS1858912915,OG,2018-07-23,2023-07-23,1
XS1859010685,OG,2018-07-24,2026-07-24,1.5
XS1862437909,OG,2018-08-03,2020-08-03,0.139
XS1863994981,OG,NULL,2022-08-09,0.5
XS1871094931,OG,2018-08-29,2023-08-29,0.375
XS1871439342,OG,2018-08-29,2023-08-29,0.75
XS1872032799,OG,2018-08-30,2028-08-30,1.375
XS1880928459,OG,2018-09-18,2028-09-18,1.5
XS1881014374,OG,2018-09-19,2024-07-15,0.2
XS1882544627,OG,2018-09-20,2023-09-20,1
XS1882544973,OG,2018-09-20,2028-09-20,2
XS1882681452,OG,2018-09-25,2028-09-25,1.5
XS1883245331,OG,2018-09-26,2026-01-15,1.75
XS1883911924,OG,2018-09-25,2023-09-25,0.6
XS1888206627,OG,NULL,2023-10-09,1.125
XS1892240281,OG,2018-10-11,2022-10-11,1.25
XS1893621026,OG,2018-10-12,2025-10-13,1.875
XS1896660989,OG,2018-10-22,2025-04-22,1
XS1896662175,OG,2018-10-22,2027-10-22,1.5
XS1900750107,OG,2018-10-30,2024-10-30,0.625
XS1901055472,OG,2018-10-31,2033-10-31,1.875
XS1904312318,OG,2018-11-07,2028-08-07,0.75
XS1904690341,OG,NULL,2030-11-14,2.375
XS1907120528,OG,NULL,2026-09-05,1.8
XS1907120791,OG,2018-12-03,2029-09-05,2.35
XS1908273219,OG,2018-11-13,2027-11-13,1.875
XS1908370171,OG,2018-11-15,2027-05-15,2.125
XS1909186451,OG,NULL,2030-11-15,2.5
XS1910245593,OG,2018-11-14,2022-01-14,0.25
XS1910245676,OG,2018-11-14,2024-11-14,1
XS1912656375,OG,NULL,2022-11-21,0.875
XS1917358621,OG,2018-12-05,2028-12-05,1.625
XS1917590959,OG,2018-12-04,2028-12-04,1.875
XS1917601582,OG,2018-12-04,2024-12-04,1.5
XS1933817824,OG,2019-01-10,2024-01-10,0
XS1933820372,OG,2019-01-10,2026-01-10,2.125
XS1933829324,OG,2019-01-09,2022-01-10,0.25
XS1935139995,OG,2019-01-15,2024-01-15,0.875
XS1935261013,OG,2019-01-28,2021-11-23,0.25
XS1936658530,OG,2019-01-15,2021-01-15,0.26
XS1936805776,OG,2019-01-18,2024-02-01,2.375
XS1936850137,OG,NULL,2023-01-22,0
XS1937665955,OG,2019-01-21,2025-07-21,1.5
XS1938387237,OG,2019-01-22,2029-01-22,0.625
XS1939355753,OG,NULL,2022-01-29,0.5
XS1942756096,OG,2019-01-30,2029-01-30,0.625
XS1944456109,OG,2019-01-31,2025-01-31,0.875
XS1945110606,OG,2019-01-31,2027-01-29,1.25
XS1945110861,OG,2019-01-31,2031-01-31,1.75
XS1948611840,OG,NULL,2029-02-06,1.5
XS1948612905,OG,2019-02-06,2023-10-06,0.625
XS1955024986,OG,2019-03-08,2031-03-08,1.25
XS1955187775,OG,2019-02-28,2028-02-28,0.9
XS1957442541,OG,2019-02-28,2025-08-28,1.25
XS1957541953,OG,2019-02-28,2022-05-24,1.375
XS1958214964,OG,2019-03-07,2022-03-07,0.125
XS1960248919,OG,2019-03-11,2027-03-11,1.09
XS1960589155,OG,2019-03-14,2034-03-14,1.875
XS1960678255,OG,2019-03-07,2027-03-07,1.125
XS1962554785,OG,2019-03-15,2024-03-15,0.625
XS1963744260,OG,NULL,2026-06-15,0.9
XS1966038249,OG,2019-03-26,2029-03-26,1.375
XS1967635977,OG,2019-03-27,2027-09-27,2.375
XS1968846532,OG,2019-03-27,2026-03-27,1.125
XS1972548231,OG,NULL,2024-10-01,1.5
XS1974787480,OG,NULL,2099-12-31,1.75
XS1978200555,OG,2019-04-09,2021-04-09,0
XS1978668298,OG,2019-04-09,2024-04-09,2
XS1979262448,OG,2019-04-09,2024-04-09,0.25
XS1979280853,OG,NULL,2027-04-08,0.875
XS1979280937,OG,NULL,2030-04-08,1.25
XS1979447064,OG,2019-04-09,2029-04-09,0.375
XS1980857319,OG,2019-04-09,2042-11-14,1
XS1981054221,OG,2019-04-12,2029-04-12,1.125
XS1982037696,OG,2019-04-15,2026-04-15,0.5
XS1982725159,OG,2019-04-16,2024-04-16,0.375
XS1985806600,OG,2019-04-25,2024-04-25,0.375
XS1986416268,OG,2019-04-29,2027-04-29,0.875
XS1987097430,OG,2019-04-26,2024-04-26,0.5
XS1989375503,OG,2019-04-29,2024-07-26,0.637
XS1989708836,OG,2019-05-02,2049-05-02,3.375
XS1995748172,OG,NULL,2022-05-24,0.1
XS1995781546,OG,2019-05-14,2027-05-14,1
XS1998797663,OG,2019-05-20,2024-05-20,0.25
XS1998902479,OG,2019-06-05,2023-09-15,1.95
XS1999675926,OG,2019-05-21,2020-12-21,0
XS2000538343,OG,2019-05-22,2026-05-22,0.875
XS2001175657,OG,2019-05-22,2026-05-22,0.5
XS2001183164,OG,2019-05-24,2027-05-24,1.5
XS2002017361,OG,2019-05-24,2026-11-24,0.9
XS2002018500,OG,2019-05-24,2030-11-24,1.625
XS2002491780,OG,2019-06-03,2030-06-03,0.875
XS2003499386,OG,2019-05-28,2026-05-28,0.375
XS2004381674,OG,2019-05-31,2028-05-31,0.696
XS2006277508,OG,2019-06-26,2027-06-26,0.75
XS2009152591,OG,2019-06-11,2025-06-11,0.875
XS2010032022,OG,NULL,2027-04-15,1.75
XS2010032378,OG,2020-02-25,2030-02-25,0.25
XS2010032451,OG,NULL,2032-04-15,2.375
XS2010044977,OG,2019-09-05,2079-12-05,1.625
XS2010445026,OG,2019-06-13,2022-07-13,0.125
XS2011260531,OG,2019-06-25,2079-06-25,1.625
XS2013536029,OG,2019-06-18,2024-06-18,0.125
XS2013574038,OG,2019-06-19,2026-06-19,1.375
XS2013745703,OG,2019-06-21,2026-06-21,1
XS2015227494,OG,2019-06-20,2029-06-20,0.125
XS2016228087,OG,NULL,2029-07-01,0.875
XS2016807864,OG,NULL,2024-06-24,0.5
XS2018636600,OG,2019-06-26,2025-06-26,0.25
XS2018637327,OG,2019-07-01,2027-12-01,1.125
XS2019260764,OG,2019-06-27,2029-06-27,1
XS2021467753,OG,2019-07-02,2027-07-02,0.9
XS2022093434,OG,2019-07-03,2025-07-03,0
XS2023644201,OG,2019-07-05,2027-07-05,0.375
XS2024715794,OG,2019-07-05,2027-07-05,0.5
XS2024716099,OG,NULL,2034-07-05,1.375
XS2025466413,OG,2019-07-15,2025-07-15,0.625
XS2029574634,OG,2019-07-18,2023-07-18,0.375
XS2031862076,OG,2019-07-23,2024-07-23,0.125
XS2035564629,OG,2019-08-05,2079-08-05,1.625
XS2042667944,OG,2019-09-20,2029-09-20,0.625
XS2043678841,OG,2019-08-19,2024-08-19,0.125
XS2046595836,OG,2019-08-27,2025-08-27,0.5
XS2047500769,OG,2019-08-28,2024-08-28,0
XS2047500926,OG,2019-08-28,2030-02-28,0.35
XS2049090595,OG,2019-09-10,2029-09-10,0.125
XS2049154078,OG,2019-09-03,2025-09-03,0.1
XS2049616621,OG,2019-09-05,2029-09-05,0.125
XS2050404800,OG,2019-09-18,2028-03-18,0.45
XS2050406094,OG,2019-09-18,2031-09-18,0.75
XS2051361264,OG,2019-09-11,2026-03-04,0.25
XS2051362312,OG,2019-09-11,2039-09-14,1.8
XS2052313827,OG,2019-09-17,2031-09-17,1.625
XS2052320954,OG,2019-09-19,2032-03-19,0.875
XS2052503872,OG,2019-09-16,2024-09-16,0.01
XS2053052895,OG,2019-09-16,2026-09-16,0.375
XS2055627538,OG,2019-09-25,2026-09-25,0.375
XS2055728054,OG,2019-09-24,2027-09-24,0.375
XS2055758804,OG,2019-09-26,2024-10-01,0.625
XS2056400299,OG,2019-09-25,2030-03-25,0.625
XS2058556296,OG,NULL,2025-03-01,0.125
XS2058556536,OG,2019-09-30,2028-03-01,0.5
XS2058729653,OG,2019-10-02,2024-10-02,0.375
XS2061971615,OG,2019-10-10,2022-10-10,1.465
XS2063232727,OG,2019-10-08,2027-10-08,0.5
XS2063261155,OG,2019-10-09,2024-10-09,0.25
XS2063423318,OG,2019-10-10,2050-01-10,0.25
XS2065946837,OG,2019-10-11,2034-10-11,1
XS2066392452,OG,2019-10-23,2029-10-23,0.632
XS2066706909,OG,2019-10-17,2027-06-17,0.375
XS2067135421,OG,2019-10-21,2025-10-21,0.375
XS2068071641,OG,2019-10-24,2029-10-24,0
XS2068969067,OG,2019-10-30,2026-10-30,0.25
XS2069380991,OG,2019-10-24,2026-10-24,0.25
XS2078667925,OG,2019-11-12,2029-11-12,0.625
XS2078734626,OG,2019-11-08,2027-11-08,0.125
XS2078735276,OG,NULL,2031-11-08,0.5
XS2079079799,OG,2019-11-13,2030-11-13,1
XS2079713322,OG,2019-11-15,2026-11-15,0.375
XS2079716853,OG,2019-11-15,2025-11-15,0
XS2079716937,OG,2019-11-15,2031-11-15,0.5
XS2079723552,OG,2019-11-14,2023-11-14,0.05
XS2080205367,OG,2019-11-15,2025-11-15,0.75
XS2081615473,OG,NULL,2026-11-29,0.5
XS2082345955,OG,2019-11-21,2029-11-21,0.625
XS2082429890,OG,2020-02-11,2081-05-11,1.375
XS2083976139,OG,2019-11-28,2029-11-28,0.75
XS2084050637,OG,2019-11-26,2025-02-26,0.375
XS2084418339,OG,2019-12-02,2026-12-02,0.875
XS2099546488,OG,NULL,2032-01-14,0.875
XS2100663223,OG,2020-01-17,2022-10-15,0.125
XS2100663579,OG,2020-01-17,2025-07-15,0.625
XS2100664114,OG,2020-01-17,2030-03-15,1.5
XS2102283061,OG,NULL,2027-01-15,0.6
XS2102357014,OG,2020-01-14,2027-01-14,0.375
XS2102495673,OG,2020-01-16,2030-01-16,0.05
XS2102912966,OG,2020-01-14,2099-12-31,4.375
XS2102916793,OG,2020-01-16,2025-07-16,0.125
XS2102924383,OG,2020-01-16,2027-01-18,0.6
XS2102932055,OG,2020-01-16,2028-07-16,0.5
XS2103014291,OG,2020-01-16,2027-09-29,0.375
XS2103014457,OG,NULL,2030-12-18,0.75
XS2104031757,OG,2020-01-17,2024-01-17,0
XS2104915033,OG,2020-01-20,2025-01-20,0.19
XS2105085208,OG,2020-01-21,2030-01-21,0.05
XS2105735935,OG,2020-02-03,2027-02-03,0.625
XS2106056653,OG,2020-01-22,2025-01-22,0.25
XS2107332640,OG,2020-01-21,2030-01-21,0.875
XS2109394077,OG,2020-01-28,2025-01-28,0.375
XS2110875957,OG,2020-01-31,2030-01-31,0.025
XS2113889351,OG,2020-02-04,2027-02-04,0.5
XS2113911387,OG,2020-02-07,2028-02-07,1.25
XS2115094737,OG,NULL,2027-02-11,0.375
XS2117454871,OG,NULL,2035-02-14,0.875
XS2118204200,OG,2020-02-14,2030-08-14,0.625
XS2118276026,OG,2020-02-20,2029-02-20,0.25
XS2118280218,OG,2020-02-20,2026-02-20,0
XS2121207828,OG,2020-02-18,2030-02-18,0.5
XS2121250836,OG,2020-02-25,2022-02-25,0.318
XS2122894855,OG,2020-02-21,2030-02-21,0
XS2123320033,OG,2020-02-24,2028-02-24,0.389
XS2123970167,OG,2020-02-25,2028-02-25,0.25
XS2123970241,OG,2020-02-25,2032-02-25,0.625
XS2126058168,OG,2020-02-28,2025-02-28,0.391
XS2126161681,OG,2020-03-10,2024-03-18,0
XS2126169742,OG,NULL,2027-04-22,1
XS2126170161,OG,NULL,2032-04-22,1.625
XS2131201662,OG,2020-03-06,2022-09-06,0
XS2131567138,OG,2020-06-15,2099-12-31,4.375
XS2133071774,OG,NULL,2030-03-09,0.625
XS2134245138,OG,2020-03-27,2026-03-27,1.75
XS2135797202,OG,2020-04-07,2024-04-07,1.876
XS2147133495,OG,2020-03-25,2025-03-25,1.25
XS2147133578,OG,2020-03-25,2030-03-25,1.75
XS2147889427,OG,2020-03-27,2027-03-27,1.875
XS2147977479,OG,2020-03-30,2025-03-30,1.625
XS2147977636,OG,NULL,2030-03-30,2.25
XS2147994995,OG,NULL,2024-03-30,1.7
XS2147995299,OG,2020-03-30,2026-09-30,2.1
XS2147995372,OG,NULL,2030-03-30,2.5
XS2148370211,OG,2020-03-31,2029-03-31,3.648
XS2148372696,OG,2020-04-01,2026-04-01,1.125
XS2148390755,OG,2020-04-01,2030-04-01,1.5
XS2148404994,OG,2020-03-31,2023-05-23,0
XS2148623106,OG,2020-04-01,2026-04-01,3.5
XS2149207354,OG,NULL,2025-03-27,3.375
XS2149280948,OG,2020-04-01,2028-04-01,2
XS2149368529,OG,2020-03-30,2025-03-30,1.375
XS2149379211,OG,NULL,2030-03-30,2
XS2150006646,OG,2020-04-02,2025-04-02,2.75
XS2150015555,OG,2020-04-02,2027-04-02,1.75
XS2150054026,OG,2020-04-02,2025-04-02,3.375
XS2150054372,OG,NULL,2027-10-04,2.375
XS2151059206,OG,2020-04-01,2028-04-01,2.375
XS2151069775,OG,2020-04-09,2026-04-09,2.375
XS2152061904,OG,NULL,2028-04-06,3.375
XS2152062209,OG,NULL,2025-04-06,3
XS2152308644,OG,2020-04-06,2023-04-06,0
XS2152899584,OG,2020-04-07,2025-10-07,1
XS2153406868,OG,NULL,2027-04-08,1.491
XS2153409029,OG,2020-04-08,2032-04-08,1.994
XS2154343623,OG,2020-04-09,2027-04-09,0
XS2154347293,OG,2020-04-09,2024-04-09,1.5
XS2154418144,OG,2020-04-07,2024-04-07,1.125
XS2154418730,OG,NULL,2028-04-07,1.5
XS2154419118,OG,NULL,2032-04-07,1.875
XS2156244043,OG,NULL,2025-04-09,2.375
XS2156510021,OG,2020-04-15,2025-04-15,1
XS2156598281,OG,NULL,2030-04-14,1.625
XS2156607702,OG,2020-04-17,2025-04-17,0.625
XS2159791990,OG,2020-04-20,2024-10-18,1.95
XS2160857798,OG,NULL,2030-04-23,1
XS2160861808,OG,2020-04-24,2028-04-24,0.01
XS2167002521,OG,2020-05-05,2025-05-05,0.75
XS2167003685,OG,2020-05-06,2026-07-06,1.25
XS2167007918,OG,2020-05-04,2030-05-04,1.741
XS2168285000,OG,2020-05-05,2028-05-05,0.875
XS2168478068,OG,2020-05-05,2026-11-05,1.25
XS2168625460,OG,2020-05-06,2024-05-06,0.25
XS2168625544,OG,2020-05-06,2028-05-06,0.5
XS2168629967,OG,NULL,2033-05-07,1.25
XS2168647357,OG,NULL,2026-01-05,1.375
XS2171316859,OG,2020-05-12,2025-05-26,0.625
XS2175848170,OG,NULL,2025-05-26,1.625
XS2176561095,OG,2020-05-18,2040-05-18,1.85
XS2176621170,OG,2020-05-26,2031-05-26,2.125
XS2177122897,OG,NULL,2032-05-20,1
XS2178585423,OG,NULL,2023-11-27,2.125
XS2178833427,OG,NULL,2026-05-22,0.75
XS2178833690,OG,NULL,2032-05-22,1.375
XS2180008513,OG,2020-05-27,2032-05-19,2.05
XS2180510732,OG,NULL,2025-05-28,1.25
XS2182404298,OG,2020-06-04,2025-06-04,0.75
XS2187529180,OG,2020-06-17,2032-06-17,1.625
XS2189613982,OG,NULL,2030-06-16,0.75
XS2189931335,OG,2020-06-16,2027-06-16,0.55
XS2191438857,OG,2020-06-23,2027-11-08,1.5
XS2193661324,OG,2020-06-22,2099-12-31,3.25
XS2194370727,OG,2020-06-23,2027-06-23,1.125
