"","Maturity","Rate","vol"
"1",0,-0.00455499104534818,0.00326569727458686
"2",0.08333,-0.00450737574030002,0.00342946704166617
"3",0.16667,-0.00446172507073017,0.00359132611783254
"4",0.25,-0.00441934894665241,0.00375129118926556
"5",0.33333,-0.00438155729448075,0.00390937881267806
"6",0.41667,-0.00434966005273418,0.00406560541625757
"7",0.5,-0.00432496716632791,0.00421998730060135
"8",0.58333,-0.00430878857940176,0.00437254063964486
"9",0.66667,-0.00430243422676035,0.0045232814815837
"10",0.75,-0.00430721402383449,0.00467222574978915
"11",0.83333,-0.00432443785527292,0.00481938924371732
"12",0.91667,-0.00435541556202335,0.0049647876398119
"13",1,-0.00439945422306787,0.00510843649240066
"14",1.08333,-0.00444862036935811,0.00525035123458566
"15",1.16667,-0.00449883196620116,0.00539054717912719
"16",1.25,-0.00454770161987428,0.00552903951932163
"17",1.33333,-0.00459284197517595,0.00566584332987305
"18",1.41667,-0.00463186571039786,0.0058009735677588
"19",1.5,-0.00466238552743281,0.00593444507308901
"20",1.58333,-0.00468201413738223,0.00606627256996008
"21",1.66667,-0.00468836424109575,0.00619647066730219
"22",1.75,-0.00467904850523437,0.00632505385972089
"23",1.83333,-0.00465167953340284,0.00645203652833274
"24",1.91667,-0.00460386983262584,0.00657743294159522
"25",2,-0.00453684582336988,0.00670125725613068
"26",2.08333,-0.00446383257485206,0.00682352351754461
"27",2.16667,-0.00438923705962857,0.00694424566123816
"28",2.25,-0.00431414137123687,0.00706343751321491
"29",2.33333,-0.00423962763003294,0.00718111279088208
"30",2.41667,-0.00416677798322196,0.00729728510384604
"31",2.5,-0.00409667460378715,0.00741196795470225
"32",2.58333,-0.00403039968850871,0.0075251747398197
"33",2.66667,-0.00396903545502614,0.00763691875011982
"34",2.75,-0.00391366413787742,0.00774721317184989
"35",2.83333,-0.00386536798357362,0.0078560710873511
"36",2.91667,-0.00382522924471029,0.00796350547582112
"37",3,-0.00379235449453219,0.0080695292140714
"38",3.08333,-0.00375949605637516,0.00817415507727908
"39",3.16667,-0.00372458568225031,0.0082773957397337
"40",3.25,-0.00368742400124189,0.00837926377557854
"41",3.33333,-0.00364781163873307,0.00847977165954691
"42",3.41667,-0.00360554921606093,0.00857893176769308
"43",3.5,-0.00356043735005018,0.00867675637811823
"44",3.58333,-0.00351227665266807,0.00877325767169123
"45",3.66667,-0.00346086773035292,0.00886844773276428
"46",3.75,-0.00340601118366513,0.00896233854988366
"47",3.83333,-0.00334750760662361,0.00905494201649537
"48",3.91667,-0.00328515758617964,0.0091462699316458
"49",4,-0.00321927896270058,0.00923633400067755
"50",4.08333,-0.00315182582382079,0.00932514583592027
"51",4.16667,-0.0030833482893593,0.00941271695737665
"52",4.25,-0.00301390033423532,0.00949905879340361
"53",4.33333,-0.00294353593444052,0.00958418268138866
"54",4.41667,-0.00287230906706037,0.00966809986842151
"55",4.5,-0.00280027371016356,0.0097508215119609
"56",4.58333,-0.00272748384302446,0.00983235868049679
"57",4.66667,-0.00265399344605122,0.00991272235420786
"58",4.75,-0.00257985650086967,0.00999192342561434
"59",4.83333,-0.00250512699026206,0.0100699727002263
"60",4.91667,-0.00242985889833891,0.0101468808971871
"61",5,-0.00235392656436773,0.0102226586499131
"62",5.08333,-0.00227664182230569,0.0102973165067274
"63",5.16667,-0.0021978142024941,0.0103708649314908
"64",5.25,-0.00211742698933071,0.0104433143042269
"65",5.33333,-0.00203546346602623,0.0105146749217437
"66",5.41667,-0.00195190691483749,0.0105849569982505
"67",5.5,-0.00186674061681025,0.0106541706659698
"68",5.58333,-0.00177994785199109,0.0107223259757465
"69",5.66667,-0.00169151189918493,0.0107894328976508
"70",5.75,-0.00160141603612685,0.0108555013215784
"71",5.83333,-0.00150964353926097,0.0109205410578457
"72",5.91667,-0.00141617768392299,0.0109845618377807
"73",6,-0.00132115772579189,0.0110475733143104
"74",6.08333,-0.00122520796703629,0.0111095850625435
"75",6.16667,-0.00112851469171904,0.0111706065803487
"76",6.25,-0.00103111247802712,0.0112306472889296
"77",6.33333,-0.000933035905058777,0.0112897165333954
"78",6.41667,-0.000834319552963425,0.011347823583327
"79",6.5,-0.000734998002881682,0.0114049776333394
"80",6.58333,-0.000635105837077266,0.0114611878036407
"81",6.66667,-0.000534677638811765,0.0115164631405861
"82",6.75,-0.000433747992431233,0.0115708126172285
"83",6.83333,-0.000332351483446125,0.0116242451338655
"84",6.91667,-0.000230522698428715,0.0116767695185818
"85",7,-0.000128321976355483,0.0117283945277885
"86",7.08333,-2.58893364253332e-05,0.0117791288467579
"87",7.16667,7.67082110497697e-05,0.0118289810901549
"88",7.25,0.000179428799636838,0.0118779598025645
"89",7.33333,0.000282230561361452,0.011926073459016
"90",7.41667,0.000385071626875622,0.0119733304655022
"91",7.5,0.000487910125347213,0.0120197391594967
"92",7.58333,0.000590704184582513,0.0120653078104658
"93",7.66667,0.000693411930855703,0.0121100446203781
"94",7.75,0.000795991489103365,0.0121539577242099
"95",7.83333,0.000898400982753955,0.0121970551904465
"96",7.91667,0.00100059853393297,0.012239345021581
"97",8,0.00110235667848091,0.0122808351546091
"98",8.08333,0.00120287587982748,0.0123215334615195
"99",8.16667,0.00130188655235486,0.0123614477497827
"100",8.25,0.00139930086468887,0.0124005857628341
"101",8.33333,0.00149503098329173,0.0124389551805558
"102",8.41667,0.00158898907251537,0.0124765636197531
"103",8.5,0.00168108729463068,0.012513418634629
"104",8.58333,0.00177123781015798,0.0125495277172545
"105",8.66667,0.00185935277780036,0.0125848982980358
"106",8.75,0.0019453443547981,0.0126195377461783
"107",8.83333,0.00202912469688066,0.0126534533701471
"108",8.91667,0.00211060595858648,0.0126866524181242
"109",9,0.00218928329946877,0.0127191420784626
"110",9.08333,0.00226337027319268,0.0127509294801371
"111",9.16667,0.00233227783028234,0.0127820216931918
"112",9.25,0.00239582626350465,0.0128124257291844
"113",9.33333,0.00245383586889059,0.0128421485416273
"114",9.41667,0.00250612694645991,0.012871197026426
"115",9.5,0.00255251980111115,0.0128995780223135
"116",9.58333,0.00259283474355687,0.0129272983112824
"117",9.66667,0.0026268920909871,0.0129543646190136
"118",9.75,0.00265451216839363,0.0129807836153016
"119",9.83333,0.00267551530905497,0.0130065619144774
"120",9.91667,0.00268972185589522,0.0130317060758282
"121",10,0.00269746933643766,0.0130562226040133
"122",10.08333,0.00270068100625576,0.0130801179494783
"123",10.16667,0.00269978844518004,0.0131033985088655
"124",10.25,0.00269471461164006,0.0131260706254214
"125",10.33333,0.00268538246848049,0.0131481405894016
"126",10.41667,0.00267171498336349,0.0131696146384728
"127",10.5,0.00265363512876338,0.0131904989581112
"128",10.58333,0.00263106588271533,0.0132107996819993
"129",10.66667,0.00260393022845573,0.0132305228924187
"130",10.75,0.00257215115539999,0.0132496746206404
"131",10.83333,0.00253565165889746,0.013268260847313
"132",10.91667,0.00249435474086024,0.013286287502847
"133",11,0.00244936767727122,0.0133037604677972
"134",11.08333,0.00240542175445313,0.0133206855732417
"135",11.16667,0.0023638200720395,0.0133370686011589
"136",11.25,0.00232469926576773,0.0133529152848012
"137",11.33333,0.0022881959709089,0.0133682313090662
"138",11.41667,0.00225444682303255,0.0133830223108652
"139",11.5,0.00222358845765758,0.0133972938794892
"140",11.58333,0.00219575751118484,0.0134110515569723
"141",11.66667,0.00217109062087584,0.0134243008384517
"142",11.75,0.00214972442522843,0.0134370471725267
"143",11.83333,0.00213179556454435,0.0134492959616134
"144",11.91667,0.00211744068116104,0.0134610525622979
"145",12,0.00210670827985737,0.0134723222856867
"146",12.08333,0.00209937758611201,0.0134831103977544
"147",12.16667,0.00209548373835045,0.0134934221196892
"148",12.25,0.00209514880206374,0.0135032626282356
"149",12.33333,0.0020984948457432,0.0135126370560348
"150",12.41667,0.00210564394141599,0.0135215504919627
"151",12.5,0.00211671816480763,0.0135300079814652
"152",12.58333,0.00213183959605345,0.0135380145268913
"153",12.66667,0.00215113031976255,0.0135455750878241
"154",12.75,0.00217471242559064,0.0135526945814084
"155",12.83333,0.00220270800885292,0.0135593778826771
"156",12.91667,0.00223523917051871,0.0135656298248745
"157",13,0.00227166667329826,0.0135714551997778
"158",13.08333,0.00230902843957903,0.0135768587580154
"159",13.16667,0.00234657851400488,0.013581845209384
"160",13.25,0.00238432258494026,0.0135864192231626
"161",13.33333,0.00242226634106402,0.0135905854284246
"162",13.41667,0.00246041547090581,0.0135943484143473
"163",13.5,0.00249877566331502,0.01359771273052
"164",13.58333,0.00253735260702914,0.0136006828872485
"165",13.66667,0.00257615199094552,0.0136032633558586
"166",13.75,0.00261517950410539,0.013605458568997
"167",13.83333,0.00265444083558464,0.0136072729209299
"168",13.91667,0.0026939416744165,0.0136087107678392
"169",14,0.00273314897722887,0.0136097764281174
"170",14.08333,0.00276988798794253,0.0136104741826594
"171",14.16667,0.00280355550352862,0.0136108082751529
"172",14.25,0.00283408067809532,0.0136107829123662
"173",14.33333,0.00286139266721896,0.0136104022644342
"174",14.41667,0.00288542062869546,0.0136096704651422
"175",14.5,0.00290609372212725,0.0136085916122076
"176",14.58333,0.00292334110953885,0.0136071697675599
"177",14.66667,0.00293709195542746,0.0136054089576179
"178",14.75,0.00294727542696016,0.0136033131735658
"179",14.83333,0.00295382069421901,0.0136008863716269
"180",14.91667,0.00295665693040625,0.0135981324733347
"181",15,0.00295595042009467,0.0135950553658032
"182",15.08333,0.00295258925521491,0.0135916589019945
"183",15.16667,0.00294676854485054,0.0135879469009842
"184",15.25,0.00293844891149497,0.0135839231482259
"185",15.33333,0.00292759097938955,0.0135795913958123
"186",15.41667,0.00291415537439299,0.0135749553627361
"187",15.5,0.00289810272426383,0.0135700187351473
"188",15.58333,0.00287939365871104,0.0135647851666101
"189",15.66667,0.00285798880928212,0.0135592582783568
"190",15.75,0.0028338488097388,0.0135534416595405
"191",15.83333,0.00280693429594514,0.0135473388674857
"192",15.91667,0.00277720590605934,0.0135409534279373
"193",16,0.00274545375810842,0.0135342888353073
"194",16.08333,0.00271499077161508,0.0135273485529203
"195",16.16667,0.00268670158150996,0.0135201360132568
"196",16.25,0.00266064993889881,0.0135126546181948
"197",16.33333,0.00263689959576929,0.0135049077392498
"198",16.41667,0.00261551430475926,0.0134968987178126
"199",16.5,0.00259655781958568,0.0134886308653862
"200",16.58333,0.00258009389475689,0.0134801074638199
"201",16.66667,0.00256618628634264,0.0134713317655426
"202",16.75,0.0025548987513293,0.0134623069937936
"203",16.83333,0.0025462950483206,0.0134530363428529
"204",16.91667,0.00254043893757228,0.0134435229782679
"205",17,0.00253799736689597,0.0134337700370808
"206",17.08333,0.00254147038313857,0.0134237806280521
"207",17.16667,0.00255158967632862,0.013413557831884
"208",17.25,0.0025684896464373,0.0134031047014416
"209",17.33333,0.00259230470538085,0.0133924242619722
"210",17.41667,0.00262316927840622,0.0133815195113236
"211",17.5,0.00266121780389916,0.0133703934201605
"212",17.58333,0.00270658473491903,0.0133590489321788
"213",17.66667,0.00275940453986756,0.0133474889643196
"214",17.75,0.0028198117030751,0.0133357164069803
"215",17.83333,0.00288794072578913,0.0133237341242246
"216",17.91667,0.00296392612720009,0.0133115449539917
"217",18,0.00304815958468652,0.0132991517083026
"218",18.08333,0.00314181370791911,0.013286557173466
"219",18.16667,0.00324530632210696,0.0132737641102821
"220",18.25,0.00335880051373305,0.0132607752542451
"221",18.33333,0.00348245940044212,0.0132475933157443
"222",18.41667,0.00361644613192258,0.0132342209802635
"223",18.5,0.00376092389176641,0.0132206609085789
"224",18.58333,0.00391605589829247,0.013206915736956
"225",18.66667,0.00408200540671544,0.0131929880773444
"226",18.75,0.00425893570983593,0.0131788805175715
"227",18.83333,0.0044470101401668,0.0131645956215349
"228",18.91667,0.0046463920710762,0.0131501359293933
"229",19,0.00485763317362498,0.0131355039577555
"230",19.08333,0.00508246354365305,0.0131207021998689
"231",19.16667,0.00532147237471037,0.0131057331258056
"232",19.25,0.0055748640686657,0.0130905991826484
"233",19.33333,0.00584284309571714,0.0130753027946738
"234",19.41667,0.00612561399708333,0.013059846363535
"235",19.5,0.00642338138706045,0.0130442322684432
"236",19.58333,0.00673634995609174,0.013028462866347
"237",19.66667,0.00706472447296846,0.013012540492111
"238",19.75,0.0074087097874278,0.0129964674586933
"239",19.83333,0.00776851083314778,0.0129802460573208
"240",19.91667,0.00814433262988157,0.0129638785576643
"241",20,0.00853280627212527,0.0129473672080112
"242",20.08333,0.00891972143020858,0.0129307142354379
"243",20.16667,0.00930138104833933,0.0129139218459803
"244",20.25,0.00967763229701113,0.0128969922248032
"245",20.33333,0.0100483223347432,0.0128799275363685
"246",20.41667,0.0104132983091114,0.0128627299246022
"247",20.5,0.0107724073568631,0.0128454015130597
"248",20.58333,0.0111254966051586,0.0128279444050907
"249",20.66667,0.0114724131721653,0.0128103606840022
"250",20.75,0.0118130041676121,0.0127926524132205
"251",20.83333,0.0121471166941429,0.0127748216364519
"252",20.91667,0.0124745978473166,0.0127568703778424
"253",21,0.0127958255372791,0.0127388006421361
"254",21.08333,0.0131127870118286,0.0127206144148325
"255",21.16667,0.0134259065662494,0.0127023136623422
"256",21.25,0.0137350818789823,0.0126839003321423
"257",21.33333,0.0140402106218467,0.0126653763529297
"258",21.41667,0.0143411904603976,0.0126467436347738
"259",21.5,0.0146379190539792,0.0126280040692682
"260",21.58333,0.0149302940564757,0.0126091595296805
"261",21.66667,0.0152182131165279,0.0125902118711019
"262",21.75,0.0155015738777537,0.0125711629305953
"263",21.83333,0.0157802739791535,0.0125520145273418
"264",21.91667,0.0160542110560744,0.012532768462787
"265",22,0.016323578099156,0.0125134265207858
"266",22.08333,0.0165894631372066,0.0124939904677456
"267",22.16667,0.0168520837857171,0.0124744620527694
"268",22.25,0.0171113645326004,0.0124548430077974
"269",22.33333,0.0173672298615299,0.0124351350477467
"270",22.41667,0.0176196042530377,0.0124153398706519
"271",22.5,0.0178684121841277,0.0123954591578023
"272",22.58333,0.0181135781288013,0.0123754945738803
"273",22.66667,0.0183550265581927,0.0123554477670969
"274",22.75,0.0185926819406861,0.0123353203693273
"275",22.83333,0.0188264687422706,0.0123151139962454
"276",22.91667,0.0190563114268647,0.0122948302474566
"277",23,0.0192823808862839,0.0122744707066305
"278",23.08333,0.0195055944495222,0.0122540369416317
"279",23.16667,0.0197261426549087,0.0122335305046505
"280",23.25,0.0199439713920393,0.012212952932332
"281",23.33333,0.0201590265489164,0.0121923057459045
"282",23.41667,0.0203712540111924,0.0121715904513068
"283",23.5,0.0205805996628596,0.0121508085393145
"284",23.58333,0.0207870093861651,0.0121299614856656
"285",23.66667,0.020990429061869,0.0121090507511849
"286",23.75,0.0211908045690636,0.0120880777819078
"287",23.83333,0.0213880817857275,0.0120670440092024
"288",23.91667,0.021582206588544,0.0120459508498917
"289",24,0.0217733024278273,0.0120247997063742
"290",24.08333,0.0219620304116948,0.0120035919667437
"291",24.16667,0.0221485275536777,0.0119823290049084
"292",24.25,0.0223327545232426,0.0119610121807087
"293",24.33333,0.0225146719886888,0.0119396428400348
"294",24.41667,0.0226942406172714,0.0119182223149425
"295",24.5,0.0228714210753767,0.0118967519237689
"296",24.58333,0.023046174028261,0.0118752329712468
"297",24.66667,0.0232184601404963,0.0118536667486186
"298",24.75,0.0233882400759775,0.0118320545337485
"299",24.83333,0.0235554744978241,0.0118103975912351
"300",24.91667,0.0237201240684204,0.0117886971725223
"301",25,0.0238822860967804,0.0117669545160091
"302",25.08333,0.0240424714756484,0.0117451708471598
"303",25.16667,0.0242007875312922,0.0117233473786118
"304",25.25,0.024357205852449,0.0117014853102838
"305",25.33333,0.0245116980272648,0.0116795858294826
"306",25.41667,0.0246642356433657,0.0116576501110095
"307",25.5,0.0248147902876479,0.0116356793172649
"308",25.58333,0.024963333547082,0.0116136745983535
"309",25.66667,0.0251098370076237,0.0115916370921879
"310",25.75,0.0252542722553724,0.011569567924591
"311",25.83333,0.0253966108758172,0.0115474682093989
"312",25.91667,0.0255368244543543,0.0115253390485618
"313",26,0.0256749881979736,0.0115031815322445
"314",26.08333,0.0258114908361105,0.0114809967389264
"315",26.16667,0.0259464148785611,0.0114587857355007
"316",26.25,0.0260797398766854,0.0114365495773725
"317",26.33333,0.0262114453810414,0.0114142893085562
"318",26.41667,0.0263415109425171,0.0113920059617726
"319",26.5,0.026469916111135,0.0113697005585448
"320",26.58333,0.0265966404374129,0.0113473741092936
"321",26.66667,0.026721663471192,0.0113250276134319
"322",26.75,0.0268449647622786,0.0113026620594589
"323",26.83333,0.0269665238606711,0.0112802784250529
"324",26.91667,0.0270863203158775,0.011257877677164
"325",27,0.0272044132882199,0.0112354607721057
"326",27.08333,0.0273211027346907,0.0112130286556457
"327",27.16667,0.027436453217299,0.0111905822630969
"328",27.25,0.0275504501787935,0.0111681225194063
"329",27.33333,0.0276630790610142,0.0111456503392442
"330",27.41667,0.0277743253063418,0.0111231666270925
"331",27.5,0.0278841743568456,0.0111006722773324
"332",27.58333,0.0279926116545015,0.0110781681743311
"333",27.66667,0.0280996226413492,0.0110556551925279
"334",27.75,0.028205192759442,0.0110331341965202
"335",27.83333,0.028309307450689,0.0110106060411481
"336",27.91667,0.0284119521571782,0.0109880715715785
"337",28,0.0285131735385962,0.0109655316233893
"338",28.08333,0.0286132033645705,0.0109429870226517
"339",28.16667,0.0287120922998376,0.0109204385860129
"340",28.25,0.0288098301555531,0.0108978871207776
"341",28.33333,0.028906406742534,0.0108753334249893
"342",28.41667,0.0290018118721171,0.0108527782875104
"343",28.5,0.0290960353551197,0.0108302224881022
"344",28.58333,0.029189067002636,0.010807666797504
"345",28.66667,0.0292808966258908,0.0107851119775117
"346",28.75,0.0293715140360558,0.010762558781056
"347",28.83333,0.0294609090442597,0.0107400079522793
"348",28.91667,0.0295490714617141,0.0107174602266126
"349",29,0.029636038329075,0.010694916330852
"350",29.08333,0.0297219894586727,0.0106723769832339
"351",29.16667,0.0298069648740515,0.01064984289351
"352",29.25,0.0298909576408493,0.0106273147630221
"353",29.33333,0.0299739608243863,0.0106047932847753
"354",29.41667,0.0300559674902976,0.0105822791435117
"355",29.5,0.0301369707043646,0.010559773015783
"356",29.58333,0.0302169635321317,0.0105372755700226
"357",29.66667,0.0302959390395028,0.0105147874666169
"358",29.75,0.0303738902922861,0.0104923093579767
"359",29.83333,0.030450810356343,0.0104698418886074
"360",29.91667,0.0305266922978866,0.0104473856951789
"361",30,0.0306015656309802,0.0104249414065951
"362",30.08333,0.030675570024127,0.0104025096440624
"363",30.16667,0.0307487372164292,0.0103800910211583
"364",30.25,0.0308210627018379,0.0103576861438989
"365",30.33333,0.0308925419737154,0.0103352956108062
"366",30.41667,0.0309631705259568,0.0103129200129748
"367",30.5,0.0310329438520869,0.0102905599341378
"368",30.58333,0.0311018574461741,0.010268215950733
"369",30.66667,0.0311699068019884,0.0102458886319674
"370",30.75,0.0312370874136807,0.0102235785398822
"371",30.83333,0.0313033947751835,0.0102012862294166
"372",30.91667,0.0313688243807144,0.0101790122484719
"373",31,0.0314333998273524,0.0101567571379738
"374",31.08333,0.031497229623513,0.010134521431936
"375",31.16667,0.0315603390265125,0.0101123056575215
"376",31.25,0.031622725341621,0.0100901103351045
"377",31.33333,0.0316843858744527,0.0100679359783316
"378",31.41667,0.0317453179306346,0.0100457830941826
"379",31.5,0.0318055188157196,0.0100236521830301
"380",31.58333,0.0318649858354387,0.0100015437387
"381",31.66667,0.0319237162957844,0.00997945824853002
"382",31.75,0.0319817075025064,0.00995739619342894
"383",31.83333,0.0320389567616237,0.00993535804793468
"384",31.91667,0.032095461379142,0.00991334428027218
"385",32,0.032151240262686,0.00989135535241082
"386",32.08333,0.032206377572769,0.00986939172012132
"387",32.16667,0.0322608934532456,0.00984745383303221
"388",32.25,0.0323147865587226,0.0098255421346859
"389",32.33333,0.0323680555440067,0.00980365706259423
"390",32.41667,0.0324206990640912,0.00978179904829361
"391",32.5,0.0324727157740039,0.0097599685173998
"392",32.58333,0.0325241043287141,0.00973816588966208
"393",32.66667,0.0325748633832976,0.00971639157901717
"394",32.75,0.0326249915930354,0.00969464599364264
"395",32.83333,0.0326744876133178,0.00967292953600987
"396",32.91667,0.0327233500992232,0.00965124260293661
"397",33,0.0327715942205025,0.0096295855856392
"398",33.08333,0.0328192850220717,0.00960795886978424
"399",33.16667,0.0328664385897648,0.00958636283553994
"400",33.25,0.0329130545788416,0.009564797857627
"401",33.33333,0.032959132644474,0.0095432643053692
"402",33.41667,0.0330046724420177,0.00952176254274341
"403",33.5,0.0330496736267349,0.00950029292842935
"404",33.58333,0.0330941358541574,0.00947885581585888
"405",33.66667,0.0331380587799126,0.00945745155326492
"406",33.75,0.0331814420591749,0.00943608048372997
"407",33.83333,0.0332242853481102,0.00941474294523422
"408",33.91667,0.0332665883019061,0.00939343927070334
"409",34,0.0333083630945206,0.0093721697880558
"410",34.08333,0.0333496596978735,0.0093509348202499
"411",34.16667,0.0333904909600582,0.00932973468533032
"412",34.25,0.0334308572719939,0.00930856969647441
"413",34.33333,0.0334707590252608,0.00928744016203801
"414",34.41667,0.033510196611183,0.00926634638560097
"415",34.5,0.0335491704213009,0.00924528866601225
"416",34.58333,0.0335876808470053,0.00922426729743471
"417",34.66667,0.0336257282797829,0.00920328256938949
"418",34.75,0.0336633131116244,0.00918233476680006
"419",34.83333,0.0337004357338886,0.00916142417003592
"420",34.91667,0.0337370965385233,0.00914055105495594
"421",35,0.0337733052864913,0.00911971569295129
"422",35.08333,0.0338091000249525,0.00909891835098818
"423",35.16667,0.0338444910056266,0.00907815929165005
"424",35.25,0.0338794791547032,0.00905743877317959
"425",35.33333,0.0339140653988546,0.00903675704952032
"426",35.41667,0.0339482506649524,0.00901611437035789
"427",35.5,0.0339820358797862,0.00899551098116099
"428",35.58333,0.0340154219698041,0.00897494712322196
"429",35.66667,0.0340484098622031,0.00895442303369711
"430",35.75,0.0340810004837326,0.00893393894564662
"431",35.83333,0.0341131947613311,0.00891349508807419
"432",35.91667,0.0341449936219771,0.00889309168596633
"433",36,0.0341764048762627,0.00887272896033138
"434",36.08333,0.034207457112208,0.00885240712823811
"435",36.16667,0.0342381584906155,0.00883212640285415
"436",36.25,0.0342685103202944,0.00881188699348395
"437",36.33333,0.0342985139105361,0.00879168910560657
"438",36.41667,0.0343281705703973,0.00877153294091307
"439",36.5,0.0343574816089189,0.00875141869734362
"440",36.58333,0.0343864483354057,0.00873134656912432
"441",36.66667,0.0344150720592289,0.00871131674680371
"442",36.75,0.0344433540893494,0.00869132941728896
"443",36.83333,0.0344712957354689,0.00867138476388182
"444",36.91667,0.034498898306599,0.00865148296631419
"445",37,0.0345261680309763,0.0086316242007835
"446",37.08333,0.0345531259801666,0.00861180863998768
"447",37.16667,0.0345797786256199,0.00859203645315998
"448",37.25,0.0346061275423004,0.00857230780610337
"449",37.33333,0.034632174305103,0.00855262286122476
"450",37.41667,0.0346579204893196,0.00853298177756886
"451",37.5,0.0346833676698557,0.00851338471085184
"452",37.58333,0.0347085174220192,0.00849383181349463
"453",37.66667,0.0347333713209261,0.00847432323465601
"454",37.75,0.0347579309416073,0.00845485912026539
"455",37.83333,0.034782197859677,0.00843543961305534
"456",37.91667,0.0348061736499741,0.00841606485259381
"457",38,0.0348298632530559,0.00839673497531616
"458",38.08333,0.0348532817625529,0.00837745011455685
"459",38.16667,0.03487643428097,0.00835821040058091
"460",38.25,0.0348993225603218,0.00833901596061513
"461",38.33333,0.0349219483531558,0.00831986691887896
"462",38.41667,0.0349443134115397,0.00830076339661528
"463",38.5,0.0349664194879677,0.00828170551212074
"464",38.58333,0.0349882683347689,0.00826269338077593
"465",38.66667,0.0350098617040722,0.00824372711507538
"466",38.75,0.0350312013487555,0.00822480682465715
"467",38.83333,0.035052289020892,0.00820593261633227
"468",38.91667,0.0350731264730957,0.00818710459411394
"469",39,0.0350937175955002,0.00816832285924647
"470",39.08333,0.0351140727275627,0.00814958751023391
"471",39.16667,0.035134195859734,0.00813089864286857
"472",39.25,0.0351540888542123,0.0081122563502592
"473",39.33333,0.0351737535729137,0.00809366072285896
"474",39.41667,0.0351931918778954,0.00807511184849319
"475",39.5,0.0352124056314542,0.00805660981238689
"476",39.58333,0.0352313966953757,0.00803815469719202
"477",39.66667,0.0352501669324283,0.00801974658301453
"478",39.75,0.0352687182040459,0.00800138554744118
"479",39.83333,0.0352870523729303,0.00798307166556616
"480",39.91667,0.0353051713012933,0.00796480501001744
"481",40,0.035323078021352,0.00794658565098292
"482",40.08333,0.0353407790954092,0.00792841365623635
"483",40.16667,0.0353582776095269,0.00791028909116308
"484",40.25,0.0353755754845686,0.00789221201878549
"485",40.33333,0.035392674641006,0.00787418249978831
"486",40.41667,0.0354095769999718,0.00785620059254365
"487",40.5,0.0354262844817592,0.00783826635313589
"488",40.58333,0.0354427990077673,0.00782037983538628
"489",40.66667,0.0354591224984437,0.00780254109087737
"490",40.75,0.0354752568747827,0.00778475016897727
"491",40.83333,0.0354912040576023,0.00776700711686363
"492",40.91667,0.0355069659678247,0.00774931197954745
"493",41,0.0355225449364944,0.00773166479989669
"494",41.08333,0.0355379445318853,0.00771406561865972
"495",41.16667,0.0355531671031049,0.00769651447448845
"496",41.25,0.0355682145913576,0.00767901140396141
"497",41.33333,0.035583088937531,0.00766155644160651
"498",41.41667,0.0355977920827444,0.00764414961992369
"499",41.5,0.035612325967584,0.00762679096940733
"500",41.58333,0.0356266925333983,0.00760948051856846
"501",41.66667,0.0356408937212427,0.00759221829395687
"502",41.75,0.0356549314719246,0.00757500432018285
"503",41.83333,0.0356688077267124,0.00755783861993895
"504",41.91667,0.0356825244266723,0.00754072121402143
"505",42,0.0356960833289879,0.00752365212135151
"506",42.08333,0.0357094856368967,0.00750663135899654
"507",42.16667,0.0357227331000951,0.00748965894219088
"508",42.25,0.0357358276505071,0.00747273488435665
"509",42.33333,0.0357487712207334,0.00745585919712434
"510",42.41667,0.0357615657434813,0.00743903189035312
"511",42.5,0.0357742131507788,0.00742225297215114
"512",42.58333,0.0357867153754157,0.0074055224488955
"513",42.66667,0.0357990743494199,0.00738884032525212
"514",42.75,0.0358112920057705,0.00737220660419547
"515",42.83333,0.0358233702765807,0.00735562128702805
"516",42.91667,0.0358353110947096,0.00733908437339974
"517",43,0.0358471157480205,0.00732259586132703
"518",43.08333,0.0358587835816691,0.00730615574721194
"519",43.16667,0.0358703158565987,0.00728976402586096
"520",43.25,0.0358817144753676,0.00727342069050369
"521",43.33333,0.0358929813405044,0.00725712573281134
"522",43.41667,0.0359041183547513,0.00724087914291514
"523",43.5,0.0359151274209166,0.00722468090942448
"524",43.58333,0.0359260104413348,0.007208531019445
"525",43.66667,0.0359367693189929,0.00719242945859641
"526",43.75,0.0359474059564997,0.00717637621103027
"527",43.83333,0.0359579222565412,0.00716037125944752
"528",43.91667,0.035968320121782,0.00714441458511589
"529",44,0.0359786004572795,0.00712850616788717
"530",44.08333,0.0359887611586265,0.00711264598621432
"531",44.16667,0.0359988030896492,0.0070968340171684
"532",44.25,0.0360087281075021,0.0070810702364554
"533",44.33333,0.0360185380698832,0.00706535461843289
"534",44.41667,0.036028234833851,0.00704968713612649
"535",44.5,0.0360378202575804,0.0070340677612463
"536",44.58333,0.0360472961979035,0.00701849646420306
"537",44.66667,0.0360566645127793,0.00700297321412425
"538",44.75,0.0360659270595143,0.00698749797887001
"539",44.83333,0.0360750856957104,0.0069720707250489
"540",44.91667,0.0360841422790337,0.00695669141803361
"541",45,0.0360930974014719,0.00694136002197642
"542",45.08333,0.0361019478403257,0.00692607649982457
"543",45.16667,0.0361106941366369,0.00691084081333548
"544",45.25,0.0361193380914209,0.00689565292309191
"545",45.33333,0.036127881506351,0.00688051278851683
"546",45.41667,0.0361363261827918,0.0068654203678883
"547",45.5,0.0361446739222515,0.00685037561835415
"548",45.58333,0.0361529265260572,0.00683537849594654
"549",45.66667,0.0361610857958103,0.00682042895559636
"550",45.75,0.0361691535327902,0.00680552695114757
"551",45.83333,0.0361771315387927,0.00679067243537136
"552",45.91667,0.0361850216149397,0.00677586535998016
"553",46,0.036192824099353,0.00676110567564159
"554",46.08333,0.0362005349175769,0.00674639333199223
"555",46.16667,0.0362081543492279,0.00673172827765128
"556",46.25,0.0362156841325874,0.00671711046023411
"557",46.33333,0.0362231260053827,0.00670253982636567
"558",46.41667,0.0362304817053438,0.00668801632169378
"559",46.5,0.03623775297108,0.00667353989090231
"560",46.58333,0.0362449415399961,0.00665911047772422
"561",46.66667,0.0362520491503737,0.0066447280249545
"562",46.75,0.0362590775402678,0.00663039247446299
"563",46.83333,0.0362660284474909,0.00661610376720709
"564",46.91667,0.036272903610258,0.00660186184324428
"565",47,0.0362797031602158,0.00658766664174468
"566",47.08333,0.0362864223872439,0.00657351810100331
"567",47.16667,0.0362930613610093,0.00655941615845237
"568",47.25,0.0362996217506675,0.00654536075067339
"569",47.33333,0.0363061052267408,0.00653135181340919
"570",47.41667,0.0363125134582729,0.00651738928157582
"571",47.5,0.0363188481156582,0.00650347308927431
"572",47.58333,0.0363251108684119,0.00648960316980241
"573",47.66667,0.036331303386441,0.00647577945566612
"574",47.75,0.0363374273396202,0.00646200187859116
"575",47.83333,0.0363434843974542,0.00644827036953437
"576",47.91667,0.0363494762303267,0.0064345848586949
"577",48,0.0363554028032738,0.00642094527552542
"578",48.08333,0.0363612589452078,0.00640735154874311
"579",48.16667,0.0363670445568429,0.00639380360634067
"580",48.25,0.0363727612369988,0.00638030137559709
"581",48.33333,0.0363784105845966,0.00636684478308842
"582",48.41667,0.0363839941987996,0.00635343375469842
"583",48.5,0.0363895136780972,0.00634006821562907
"584",48.58333,0.0363949706219779,0.00632674809041103
"585",48.66667,0.0364003666288806,0.00631347330291397
"586",48.75,0.0364057032983576,0.0063002437763568
"587",48.83333,0.036410982228805,0.00628705943331785
"588",48.91667,0.0364162050195809,0.00627392019574489
"589",49,0.0364213715028514,0.00626082598496508
"590",49.08333,0.0364264761868762,0.00624777672169485
"591",49.16667,0.0364315188381701,0.00623477232604967
"592",49.25,0.0364365009834478,0.00622181271755369
"593",49.33333,0.0364414241500368,0.00620889781514935
"594",49.41667,0.0364462898647133,0.00619602753720687
"595",49.5,0.0364510996543119,0.00618320180153364
"596",49.58333,0.0364558550462828,0.00617042052538351
"597",49.66667,0.0364605575672527,0.00615768362546604
"598",49.75,0.0364652087443016,0.00614499101795563
"599",49.83333,0.0364698101044638,0.00613234261850053
"600",49.91667,0.0364743631748699,0.00611973834223185
"601",50,0.0364788676818613,0.00610717810377236
"602",50.08333,0.036483317926586,0.00609466181724535
"603",50.16667,0.0364877135694783,0.00608218939628326
"604",50.25,0.0364920560657422,0.00606976075403634
"605",50.33333,0.0364963468705017,0.00605737580318118
"606",50.41667,0.0365005874388329,0.00604503445592912
"607",50.5,0.036504779225857,0.00603273662403465
"608",50.58333,0.0365089236867728,0.00602048221880371
"609",50.66667,0.0365130222765657,0.00600827115110184
"610",50.75,0.0365170764504263,0.00599610333136234
"611",50.83333,0.0365210876634601,0.00598397866959431
"612",50.91667,0.0365250573709828,0.00597189707539061
"613",51,0.0365289852160293,0.00595985845793575
"614",51.08333,0.0365328653835153,0.00594786272601368
"615",51.16667,0.036536697451357,0.00593590978801557
"616",51.25,0.0365404828040337,0.0059239995519474
"617",51.33333,0.0365442228256834,0.0059121319254376
"618",51.41667,0.0365479189004763,0.00590030681574449
"619",51.5,0.0365515724126384,0.00588852412976379
"620",51.58333,0.0365551847462999,0.00587678377403591
"621",51.66667,0.0365587572859161,0.00586508565475325
"622",51.75,0.0365622914154304,0.00585342967776743
"623",51.83333,0.0365657885189785,0.00584181574859641
"624",51.91667,0.0365692499811381,0.00583024377243155
"625",52,0.0365726753807181,0.00581871365414462
"626",52.08333,0.0365760588581816,0.00580722529829473
"627",52.16667,0.0365793999290016,0.00579577860913517
"628",52.25,0.0365826999081316,0.00578437349062019
"629",52.33333,0.0365859601106928,0.00577300984641174
"630",52.41667,0.0365891818510393,0.00576168757988612
"631",52.5,0.0365923664444763,0.00575040659414052
"632",52.58333,0.0365955152058159,0.00573916679199961
"633",52.66667,0.0365986294498892,0.00572796807602189
"634",52.75,0.0366017104916949,0.00571681034850619
"635",52.83333,0.0366047596462558,0.00570569351149788
"636",52.91667,0.0366077782282108,0.00569461746679518
"637",53,0.0366107657679651,0.00568358211595536
"638",53.08333,0.0366137164192031,0.0056725873603008
"639",53.16667,0.0366166296509416,0.00566163310092515
"640",53.25,0.0366195067105402,0.00565071923869923
"641",53.33333,0.0366223488457846,0.00563984567427704
"642",53.41667,0.0366251573041998,0.00562901230810159
"643",53.5,0.0366279333337474,0.00561821904041075
"644",53.58333,0.036630678181691,0.00560746577124299
"645",53.66667,0.0366333930961682,0.00559675240044304
"646",53.75,0.0366360793244587,0.00558607882766761
"647",53.83333,0.0366387381144362,0.00557544495239087
"648",53.91667,0.036641370713844,0.00556485067391004
"649",54,0.0366439766167375,0.0055542958913508
"650",54.08333,0.0366465500358819,0.00554378050367274
"651",54.16667,0.0366490904060415,0.00553330440967464
"652",54.25,0.0366515989102298,0.00552286750799984
"653",54.33333,0.0366540767311516,0.00551246969714139
"654",54.41667,0.0366565250515354,0.00550211087544729
"655",54.5,0.0366589450545174,0.00549179094112558
"656",54.58333,0.0366613379225251,0.00548150979224942
"657",54.66667,0.0366637048388441,0.00547126732676208
"658",54.75,0.0366660469860429,0.00546106344248193
"659",54.83333,0.0366683655471034,0.00545089803710733
"660",54.91667,0.0366706617045915,0.00544077100822149
"661",55,0.0366729349278971,0.00543068225329724
"662",55.08333,0.0366751795230815,0.00542063166970184
"663",55.16667,0.036677394902263,0.0054106191547016
"664",55.25,0.0366795821860197,0.0054006446054666
"665",55.33333,0.0366817424949195,0.00539070791907524
"666",55.41667,0.0366838769495139,0.00538080899251878
"667",55.5,0.0366859866706344,0.00537094772270589
"668",55.58333,0.0366880727786487,0.00536112400646701
"669",55.66667,0.0366901363943644,0.00535133774055883
"670",55.75,0.0366921786382584,0.00534158882166859
"671",55.83333,0.0366942006310982,0.0053318771464184
"672",55.91667,0.0366962034934861,0.00532220261136947
"673",56,0.0366981866774285,0.00531256511302636
"674",56.08333,0.03670014461074,0.00530296454784109
"675",56.16667,0.0367020766907,0.00529340081221727
"676",56.25,0.0367039839786809,0.00528387380251419
"677",56.33333,0.0367058675358898,0.0052743834150508
"678",56.41667,0.0367077284230675,0.00526492954610971
"679",56.5,0.0367095677017995,0.00525551209194112
"680",56.58333,0.0367113864330584,0.0052461309487667
"681",56.66667,0.0367131856777956,0.00523678601278342
"682",56.75,0.0367149664972102,0.00522747718016737
"683",56.83333,0.0367167299526345,0.00521820434707752
"684",56.91667,0.036718477104916,0.00520896740965939
"685",57,0.036720207396975,0.00519976626404877
"686",57.08333,0.0367219153974281,0.00519060080637529
"687",57.16667,0.0367236004967788,0.00518147093276608
"688",57.25,0.0367252636996183,0.00517237653934925
"689",57.33333,0.036726906010359,0.0051633175222574
"690",57.41667,0.0367285284332297,0.00515429377763111
"691",57.5,0.0367301319730053,0.00514530520162236
"692",57.58333,0.0367317176339759,0.00513635169039788
"693",57.66667,0.0367332864203913,0.00512743314014251
"694",57.75,0.0367348393370639,0.00511854944706249
"695",57.83333,0.036736377387844,0.00510970050738877
"696",57.91667,0.0367379015777649,0.00510088621738017
"697",58,0.0367394113453585,0.00509210647332659
"698",58.08333,0.036740901415679,0.00508336117155217
"699",58.16667,0.0367423711777644,0.00507465020841841
"700",58.25,0.0367438215824727,0.00506597348032721
"701",58.33333,0.0367452535804595,0.00505733088372391
"702",58.41667,0.0367466681218849,0.00504872231510031
"703",58.5,0.0367480661574549,0.00504014767099764
"704",58.58333,0.036749448637817,0.00503160684800945
"705",58.66667,0.0367508165132806,0.00502309974278452
"706",58.75,0.0367521707345464,0.00501462625202974
"707",58.83333,0.0367535122519422,0.00500618627251289
"708",58.91667,0.0367548420163955,0.00499777970106543
"709",59,0.0367561594673438,0.00498940643458531
"710",59.08333,0.0367574594959992,0.00498106637003959
"711",59.16667,0.0367587414958441,0.00497275940446722
"712",59.25,0.0367600063658129,0.00496448543498161
"713",59.33333,0.0367612550052288,0.00495624435877331
"714",59.41667,0.0367624883139905,0.00494803607311255
"715",59.5,0.0367637071911364,0.00493986047535182
"716",59.58333,0.036764912535963,0.00493171746292836
"717",59.66667,0.0367661052481747,0.00492360693336667
"718",59.75,0.0367672862269348,0.00491552878428096
"719",59.83333,0.0367684563718171,0.00490748291337755
"720",59.91667,0.0367696165821689,0.00489946921845732
"721",60,0.0367707663024106,0.00489148759741801
"722",60.08333,0.0367719005974605,0.00488353794825655
"723",60.16667,0.0367730188667963,0.00487562016907144
"724",60.25,0.0367741219620967,0.0048677341580649
"725",60.33333,0.0367752107342039,0.00485987981354523
"726",60.41667,0.0367762860335707,0.00485205703392892
"727",60.5,0.0367773487121426,0.0048442657177429
"728",60.58333,0.0367783996197462,0.00483650576362667
"729",60.66667,0.0367794396081988,0.00482877707033439
"730",60.75,0.0367804695281189,0.00482107953673704
"731",60.83333,0.036781490230684,0.00481341306182443
"732",60.91667,0.0367825025667043,0.00480577754470727
"733",61,0.0367835059886632,0.00479817288461918
"734",61.08333,0.0367844957378471,0.00479059898091864
"735",61.16667,0.0367854712252393,0.00478305573309099
"736",61.25,0.0367864332554069,0.00477554304075033
"737",61.33333,0.0367873826341105,0.00476806080364145
"738",61.41667,0.03678832016592,0.00476060892164168
"739",61.5,0.0367892466565856,0.00475318729476273
"740",61.58333,0.036790162910826,0.00474579582315255
"741",61.66667,0.0367910697342424,0.00473843440709712
"742",61.75,0.0367919679317001,0.00473110294702218
"743",61.83333,0.036792858308627,0.00472380134349505
"744",61.91667,0.0367937416698858,0.00471652949722628
"745",62,0.0367946174783569,0.00470928730907139
"746",62.08333,0.0367954811541704,0.00470207468003254
"747",62.16667,0.0367963321200069,0.00469489151126015
"748",62.25,0.0367971711380672,0.00468773770405456
"749",62.33333,0.0367979989701501,0.00468061315986762
"750",62.41667,0.0367988163782833,0.00467351778030425
"751",62.5,0.0367996241242521,0.004666451467124
"752",62.58333,0.0368004229698924,0.00465941412224259
"753",62.66667,0.0368012136776317,0.00465240564773341
"754",62.75,0.0368019970087836,0.00464542594582902
"755",62.83333,0.0368027737257517,0.00463847491892257
"756",62.91667,0.0368035445903372,0.00463155246956928
"757",63,0.0368043090768966,0.00462465850048785
"758",63.08333,0.0368050627840679,0.00461779291456183
"759",63.16667,0.0368058051491333,0.00461095561484102
"760",63.25,0.0368065368929562,0.00460414650454281
"761",63.33333,0.0368072587367942,0.00459736548705352
"762",63.41667,0.0368079714017959,0.00459061246592969
"763",63.5,0.0368086756088539,0.00458388734489939
"764",63.58333,0.036809372079591,0.00457719002786347
"765",63.66667,0.0368100615345348,0.00457052041889681
"766",63.75,0.0368107446949191,0.00456387842224957
"767",63.83333,0.0368114222824092,0.00455726394234835
"768",63.91667,0.0368120950172237,0.00455067688379743
"769",64,0.0368127623880197,0.00454411715137988
"770",64.08333,0.0368134201695289,0.00453758465005878
"771",64.16667,0.0368140678145812,0.00453107928497826
"772",64.25,0.0368147060055373,0.00452460096146467
"773",64.33333,0.0368153354253176,0.00451814958502768
"774",64.41667,0.0368159567562163,0.00451172506136127
"775",64.5,0.0368165706812844,0.00450532729634489
"776",64.58333,0.036817177882603,0.00449895619604439
"777",64.66667,0.0368177790433348,0.00449261166671313
"778",64.75,0.0368183748458568,0.00448629361479289
"779",64.83333,0.036818965972615,0.00448000194691491
"780",64.91667,0.036819553106767,0.00447373656990084
"781",65,0.036820135750034,0.00446749739076367
"782",65.08333,0.0368207098514324,0.00446128431670864
"783",65.16667,0.0368212748798165,0.00445509725513419
"784",65.25,0.0368218314819888,0.00444893611363285
"785",65.33333,0.0368223803036116,0.00444280079999206
"786",65.41667,0.0368229219915648,0.00443669122219509
"787",65.5,0.0368234571921473,0.00443060728842186
"788",65.58333,0.0368239865515196,0.00442454890704976
"789",65.66667,0.0368245107160527,0.00441851598665444
"790",65.75,0.0368250303322082,0.00441250843601066
"791",65.83333,0.0368255460463063,0.00440652616409301
"792",65.91667,0.036826058504726,0.00440056908007672
"793",66,0.0368265672247361,0.00439463709333834
"794",66.08333,0.0368270683248841,0.00438873011345654
"795",66.16667,0.0368275612916396,0.00438284805021279
"796",66.25,0.036828046736356,0.00437699081359206
"797",66.33333,0.0368285252719751,0.00437115831378351
"798",66.41667,0.0368289975104554,0.00436535046118116
"799",66.5,0.036829464063814,0.00435956716638455
"800",66.58333,0.0368299255442945,0.00435380834019936
"801",66.66667,0.0368303825641698,0.00434807389363807
"802",66.75,0.036830835735441,0.00434236373792054
"803",66.83333,0.0368312856708553,0.00433667778447464
"804",66.91667,0.0368317329817902,0.00433101594493678
"805",67,0.0368321772016378,0.00432537813115256
"806",67.08333,0.0368326146141733,0.00431976425517725
"807",67.16667,0.0368330447228873,0.00431417422927638
"808",67.25,0.0368334681076385,0.00430860796592624
"809",67.33333,0.0368338853484964,0.00430306537781442
"810",67.41667,0.0368342970255648,0.00429754637784031
"811",67.5,0.0368347037188439,0.00429205087911558
"812",67.58333,0.0368351060080112,0.00428657879496464
"813",67.66667,0.0368355044734878,0.00428113003892516
"814",67.75,0.0368358996950686,0.00427570452474846
"815",67.83333,0.0368362922527483,0.00427030216639999
"816",67.91667,0.0368366827265563,0.00426492287805974
"817",68,0.0368370706652588,0.00425956657412264
"818",68.08333,0.0368374525131294,0.00425423316919902
"819",68.16667,0.0368378277907038,0.00424892257811493
"820",68.25,0.0368381970485068,0.00424363471591257
"821",68.33333,0.0368385608353181,0.00423836949785061
"822",68.41667,0.0368389197015482,0.0042331268394046
"823",68.5,0.0368392741964216,0.00422790665626729
"824",68.58333,0.0368396248699279,0.00422270886434894
"825",68.66667,0.0368399722717019,0.00421753337977768
"826",68.75,0.0368403169514719,0.00421238011889979
"827",68.83333,0.0368406594589823,0.00420724899828001
"828",68.91667,0.0368410003436574,0.00420213993470186
"829",69,0.0368413391703628,0.00419705284516785
"830",69.08333,0.0368416725384346,0.00419198764689981
"831",69.16667,0.0368419999860983,0.00418694425733913
"832",69.25,0.0368423220342811,0.00418192259414697
"833",69.33333,0.0368426392050214,0.00417692257520455
"834",69.41667,0.036842952018751,0.00417194411861334
"835",69.5,0.0368432609968767,0.0041669871426953
"836",69.58333,0.0368435666604672,0.00416205156599305
"837",69.66667,0.0368438695309932,0.00415713730727013
"838",69.75,0.0368441701294273,0.00415224428551109
"839",69.83333,0.0368444689767795,0.00414737241992178
"840",69.91667,0.0368447665948164,0.00414252162992941
"841",70,0.0368450625632128,0.00413769183518278
"842",70.08333,0.0368453536314677,0.00413288295555242
"843",70.16667,0.0368456393546515,0.00412809491113068
"844",70.25,0.0368459202274698,0.00412332762223193
"845",70.33333,0.0368461967441194,0.00411858100939261
"846",70.41667,0.0368464693993644,0.0041138549933714
"847",70.5,0.0368467386869247,0.0041091494951493
"848",70.58333,0.0368470051012952,0.00410446443592972
"849",70.66667,0.0368472691371631,0.00409979973713858
"850",70.75,0.0368475312887275,0.00409515532042436
"851",70.83333,0.036847792049671,0.0040905311076582
"852",70.91667,0.0368480519155332,0.00408592702093395
"853",71,0.0368483104812141,0.00408134298256822
"854",71.08333,0.036848564640084,0.00407677891510042
"855",71.16667,0.036848813964597,0.0040722347412928
"856",71.25,0.0368490589236501,0.00406771038413049
"857",71.33333,0.0368492999869288,0.00406320576682149
"858",71.41667,0.0368495376228264,0.00405872081279674
"859",71.5,0.036849772300906,0.00405425544571003
"860",71.58333,0.0368500044898488,0.00404980958943811
"861",71.66667,0.0368502346588739,0.0040453831680806
"862",71.75,0.0368504632772995,0.00404097610595998
"863",71.83333,0.036850690813508,0.00403658832762162
"864",71.91667,0.0368509177375982,0.00403221975783367
"865",72,0.036851143659911,0.0040278703215871
"866",72.08333,0.0368513656118319,0.00402353994409557
"867",72.16667,0.0368515831823828,0.00401922855079546
"868",72.25,0.036851796817591,0.00401493606734575
"869",72.33333,0.0368520069617757,0.00401066241962797
"870",72.41667,0.0368522140611853,0.00400640753374614
"871",72.5,0.0368524185604082,0.00400217133602667
"872",72.58333,0.0368526209050133,0.00399795375301829
"873",72.66667,0.0368528215398101,0.00399375471149193
"874",72.75,0.0368530209108284,0.00398957413844066
"875",72.83333,0.0368532194627633,0.00398541196107953
"876",72.91667,0.0368534176411064,0.00398126810684554
"877",73,0.0368536150722365,0.0039771425033974
"878",73.08333,0.036853808919199,0.00397303507861554
"879",73.16667,0.0368539987881329,0.00396894576060186
"880",73.25,0.0368541851014017,0.00396487447767968
"881",73.33333,0.0368543682823308,0.00396082115839355
"882",73.41667,0.0368545487537073,0.00395678573150911
"883",73.5,0.036854726938353,0.00395276812601295
"884",73.58333,0.036854903258746,0.00394876827111242
"885",73.66667,0.0368550781385073,0.00394478609623552
"886",73.75,0.0368552519997953,0.00394082153103064
"887",73.83333,0.0368554252661166,0.00393687450536648
"888",73.91667,0.0368555983594669,0.0039329449493318
"889",74,0.0368557709220765,0.00392903279323526
"890",74.08333,0.0368559402426927,0.00392513796760522
"891",74.16667,0.0368561059438894,0.00392126040318955
"892",74.25,0.0368562684267673,0.00391740003095541
"893",74.33333,0.0368564280937775,0.00391355678208907
"894",74.41667,0.0368565853458529,0.00390973058799565
"895",74.5,0.0368567405857059,0.00390592138029897
"896",74.58333,0.0368568942143384,0.00390212909084125
"897",74.66667,0.0368570466339033,0.00389835365168294
"898",74.75,0.0368571982460555,0.00389459499510247
"899",74.83333,0.0368573494524362,0.00389085305359601
"900",74.91667,0.0368575006551053,0.00388712775987721
"901",75,0.0368576515092425,0.00388341904687699
"902",75.08333,0.0368577994260226,0.00387972684774327
"903",75.16667,0.0368579440418726,0.0038760510958407
"904",75.25,0.036858085739734,0.00387239172475045
"905",75.33333,0.0368582249008087,0.00386874866826986
"906",75.41667,0.0368583619070737,0.00386512186041228
"907",75.5,0.0368584971407833,0.00386151123540669
"908",75.58333,0.0368586309833949,0.00385791672769752
"909",75.66667,0.0368587638167739,0.00385433827194429
"910",75.75,0.0368588960232437,0.00385077580302136
"911",75.83333,0.0368590279843364,0.00384722925601768
"912",75.91667,0.0368591600819972,0.0038436985662364
"913",76,0.0368592919858957,0.00384018366919468
"914",76.08333,0.0368594212217737,0.0038366845006233
"915",76.16667,0.0368595474425648,0.00383320099646644
"916",76.25,0.0368596710106406,0.0038297330928813
"917",76.33333,0.0368597922897766,0.00382628072623781
"918",76.41667,0.0368599116431598,0.00382284383311836
"919",76.5,0.0368600294332362,0.00381942235031741
"920",76.58333,0.0368601460240505,0.00381601621484122
"921",76.66667,0.0368602617780622,0.0038126253639075
"922",76.75,0.0368603770589857,0.00380924973494508
"923",76.83333,0.0368604922297333,0.00380588926559362
"924",76.91667,0.0368606076532334,0.0038025438937032
"925",77,0.0368607230126887,0.00379921355733405
"926",77.08333,0.0368608359447364,0.00379589819475617
"927",77.16667,0.0368609461156009,0.003792597744449
"928",77.25,0.0368610538708856,0.00378931214510106
"929",77.33333,0.0368611595566017,0.00378604133560961
"930",77.41667,0.0368612635175696,0.0037827852550803
"931",77.5,0.0368613660998616,0.0037795438428268
"932",77.58333,0.036861467648543,0.00377631703837045
"933",77.66667,0.0368615685095079,0.00377310478143988
"934",77.75,0.0368616690280854,0.00376990701197068
"935",77.83333,0.036861769549807,0.00376672367010499
"936",77.91667,0.0368618704200312,0.00376355469619116
"937",78,0.036861971334921,0.00376040003078336
"938",78.08333,0.0368620700359044,0.0037572596146412
"939",78.16667,0.0368621662034929,0.00375413338872938
"940",78.25,0.03686226016689,0.00375102129421728
"941",78.33333,0.0368623522545102,0.00374792327247858
"942",78.41667,0.036862442795778,0.00374483926509087
"943",78.5,0.0368625321187483,0.00374176921383529
"944",78.58333,0.036862620553312,0.00373871306069611
"945",78.66667,0.0368627084275346,0.00373567074786033
"946",78.75,0.0368627960707526,0.00373264221771732
"947",78.83333,0.036862883811482,0.00372962741285838
"948",78.91667,0.0368629719788753,0.00372662627607639
"949",79,0.0368630602811635,0.00372363875036534
"950",79.08333,0.0368631465604086,0.00372066477892
"951",79.16667,0.0368632305098187,0.00371770430513545
"952",79.25,0.0368633124435371,0.00371475727260671
"953",79.33333,0.036863392674082,0.00371182362512832
"954",79.41667,0.0368634715149945,0.00370890330669391
"955",79.5,0.036863549279035,0.00370599626149582
"956",79.58333,0.0368636262800006,0.00370310243392465
"957",79.66667,0.0368637028304706,0.00370022176856885
"958",79.75,0.0368637792440847,0.00369735421021432
"959",79.83333,0.036863855833662,0.00369449970384396
"960",79.91667,0.0368639329124454,0.00369165819463727
"961",80,0.0368640102011115,0.00368882962796989
"962",80.08333,0.0368640856365534,0.00368601394941323
"963",80.16667,0.0368641589258294,0.00368321110473397
"964",80.25,0.0368642303668105,0.00368042103989369
"965",80.33333,0.0368643002586255,0.0036776437010484
"966",80.41667,0.0368643688987325,0.00367487903454814
"967",80.5,0.036864436586729,0.0036721269869365
"968",80.58333,0.0368645036194897,0.00366938750495022
"969",80.66667,0.0368645702968413,0.00366666053551874
"970",80.75,0.0368646369161114,0.00366394602576375
"971",80.83333,0.0368647037761249,0.00366124392299878
"972",80.91667,0.0368647711752805,0.00365855417472871
"973",81,0.036864838845462,0.00365587672864936
"974",81.08333,0.0368649048145056,0.00365321153264706
"975",81.16667,0.0368649688016225,0.00365055853479814
"976",81.25,0.0368650310915077,0.00364791768336856
"977",81.33333,0.0368650919682088,0.0036452889268134
"978",81.41667,0.0368651517161913,0.00364267221377644
"979",81.5,0.0368652106199745,0.00364006749308972
"980",81.58333,0.0368652689636511,0.00363747471377304
"981",81.66667,0.0368653270323875,0.00363489382503356
"982",81.75,0.036865385109464,0.00363232477626531
"983",81.83333,0.0368654434803055,0.00362976751704876
"984",81.91667,0.0368655024288369,0.00362722199715033
"985",82,0.0368655616980718,0.00362468816652196
"986",82.08333,0.0368656194024943,0.00362216597530066
"987",82.16667,0.0368656752731491,0.00361965537380801
"988",82.25,0.0368657295810166,0.00361715631254974
"989",82.33333,0.0368657825977197,0.00361466874221525
"990",82.41667,0.0368658345937911,0.00361219261367714
"991",82.5,0.0368658858411228,0.00360972787799076
"992",82.58333,0.0368659366107247,0.00360727448639376
"993",82.66667,0.0368659871734067,0.00360483239030558
"994",82.75,0.0368660378010901,0.00360240154132705
"995",82.83333,0.0368660887644063,0.00359998189123984
"996",82.91667,0.0368661403348529,0.00359757339200609
"997",83,0.0368661922659204,0.00359517599576785
"998",83.08333,0.0368662427543418,0.00359278965484668
"999",83.16667,0.0368662915423101,0.00359041432174315
"1000",83.25,0.0368663388888688,0.00358804994913636
"1001",83.33333,0.036866385052198,0.00358569648988352
"1002",83.41667,0.0368664302915569,0.00358335389701942
"1003",83.5,0.0368664748655974,0.00358102212375598
"1004",83.58333,0.0368665190327579,0.0035787011234818
"1005",83.66667,0.0368665630523353,0.00357639084976165
"1006",83.75,0.0368666071823762,0.00357409125633605
"1007",83.83333,0.0368666516824412,0.00357180229712072
"1008",83.91667,0.0368666968105771,0.00356952392620619
"1009",84,0.0368667423310711,0.00356725609785727
"1010",84.08333,0.0368667865183916,0.00356499876651258
"1011",84.16667,0.0368668291261649,0.00356275188678411
"1012",84.25,0.0368668704008606,0.00356051541345672
"1013",84.33333,0.0368669105896009,0.00355828930148765
"1014",84.41667,0.0368669499395269,0.00355607350600607
"1015",84.5,0.0368669886975797,0.00355386798231259
"1016",84.58333,0.036867027110266,0.00355167268587881
"1017",84.66667,0.0368670654254197,0.00354948757234679
"1018",84.75,0.0368671038891453,0.00354731259752863
"1019",84.83333,0.0368671427490899,0.00354514771740595
"1020",84.91667,0.036867182251803,0.00354299288812944
"1021",85,0.0368672221710762,0.00354084806601838
"1022",85.08333,0.0368672608562619,0.00353871320756014
"1023",85.16667,0.0368672980706162,0.00353658826940973
"1024",85.25,0.0368673340497452,0.00353447320838929
"1025",85.33333,0.0368673690299293,0.00353236798148766
"1026",85.41667,0.0368674032467773,0.00353027254585985
"1027",85.5,0.0368674369363777,0.0035281868588266
"1028",85.58333,0.0368674703343794,0.00352611087787388
"1029",85.66667,0.0368675036761941,0.00352404456065242
"1030",85.75,0.0368675371986322,0.00352198786497723
"1031",85.83333,0.0368675711371402,0.00351994074882712
"1032",85.91667,0.0368676057269539,0.00351790317034423
"1033",86,0.0368676407517343,0.00351587508783354
"1034",86.08333,0.036867674631452,0.00351385645976239
"1035",86.16667,0.0368677071388834,0.00351184724476002
"1036",86.25,0.0368677384998,0.00350984740161708
"1037",86.33333,0.0368677689395494,0.00350785688928515
"1038",86.41667,0.0368677986830157,0.00350587566687627
"1039",86.5,0.0368678279560184,0.00350390369366244
"1040",86.58333,0.0368678569834815,0.00350194092907518
"1041",86.66667,0.0368678859909926,0.00349998733270501
"1042",86.75,0.0368679152039713,0.00349804286430101
"1043",86.83333,0.0368679448471259,0.00349610748377033
"1044",86.91667,0.0368679751467846,0.00349418115117769
"1045",87,0.0368680058935604,0.00349226382674495
"1046",87.08333,0.0368680355760462,0.00349035547085057
"1047",87.16667,0.0368680639760512,0.00348845604402921
"1048",87.25,0.0368680913089685,0.00348656550697118
"1049",87.33333,0.0368681177908785,0.00348468382052203
"1050",87.41667,0.036868143636247,0.003482810945682
"1051",87.5,0.0368681690609627,0.00348094684360563
"1052",87.58333,0.0368681942804452,0.00347909147560122
"1053",87.66667,0.0368682195098797,0.00347724480313037
"1054",87.75,0.0368682449645048,0.00347540678780753
"1055",87.83333,0.0368682708599906,0.0034735773913995
"1056",87.91667,0.036868297411341,0.00347175657582496
"1057",88,0.0368683244192809,0.003469944303154
"1058",88.08333,0.0368683504348493,0.00346814053560767
"1059",88.16667,0.0368683752499859,0.00346634523555747
"1060",88.25,0.0368683990704302,0.00346455836552487
"1061",88.33333,0.036868422102132,0.00346277988818091
"1062",88.41667,0.0368684445515077,0.00346100976634564
"1063",88.5,0.0368684666236279,0.0034592479629877
"1064",88.58333,0.036868488524938,0.00345749444122386
"1065",88.66667,0.0368685104614279,0.00345574916431849
"1066",88.75,0.0368685326391089,0.00345401209568316
"1067",88.83333,0.0368685552635473,0.00345228319887612
"1068",88.91667,0.0368685785409806,0.00345056243760187
"1069",89,0.0368686022795996,0.00344884977571064
"1070",89.08333,0.0368686250917731,0.003447145177198
"1071",89.16667,0.0368686467782844,0.00344544860620431
"1072",89.25,0.036868667535443,0.0034437600270143
"1073",89.33333,0.036868687560494,0.0034420794040566
"1074",89.41667,0.0368687070502078,0.00344040670190327
"1075",89.5,0.0368687262023171,0.00343874188526933
"1076",89.58333,0.0368687452131633,0.00343708491901231
"1077",89.66667,0.0368687642800127,0.00343543576813174
"1078",89.75,0.0368687835996919,0.00343379439776877
"1079",89.83333,0.0368688033695097,0.00343216077320563
"1080",89.91667,0.0368688237865111,0.0034305348598652
"1081",90,0.0368688446661531,0.00342891662331056
"1082",90.08333,0.0368688646796587,0.00342730602924448
"1083",90.16667,0.0368688836350133,0.00342570304350904
"1084",90.25,0.0368689017207462,0.00342410763208509
"1085",90.33333,0.0368689191253599,0.00342251976109184
"1086",90.41667,0.0368689360373651,0.00342093939678637
"1087",90.5,0.0368689526460075,0.00341936650556323
"1088",90.58333,0.0368689691388866,0.00341780105395389
"1089",90.66667,0.0368689857050004,0.00341624300862636
"1090",90.75,0.0368690025331526,0.00341469233638472
"1091",90.83333,0.0368690198112036,0.00341314900416863
"1092",90.91667,0.0368690377284153,0.00341161297905292
"1093",91,0.0368690561079239,0.00341008422824711
"1094",91.08333,0.0368690736752528,0.00340856271909496
"1095",91.16667,0.0368690902467277,0.00340704841907402
"1096",91.25,0.0368691060030306,0.00340554129579518
"1097",91.33333,0.0368691211243588,0.00340404131700222
"1098",91.41667,0.0368691357911546,0.00340254845057136
"1099",91.5,0.0368691501845984,0.00340106266451081
"1100",91.58333,0.0368691644844423,0.00339958392696031
"1101",91.66667,0.0368691788718563,0.00339811220619071
"1102",91.75,0.0368691935268641,0.00339664747060348
"1103",91.83333,0.0368692086306623,0.00339518968873032
"1104",91.91667,0.0368692243630218,0.00339373882923265
"1105",92,0.0368692405551547,0.00339229486090123
"1106",92.08333,0.0368692559844739,0.00339085775265566
"1107",92.16667,0.0368692704752824,0.00338942747354398
"1108",92.25,0.036869284200117,0.00338800399274218
"1109",92.33333,0.036869297331509,0.00338658727955383
"1110",92.41667,0.0368693100431781,0.00338517730340956
"1111",92.5,0.0368693225076848,0.00338377403386666
"1112",92.58333,0.0368693348982987,0.00338237744060867
"1113",92.66667,0.0368693473870874,0.00338098749344487
"1114",92.75,0.0368693601478425,0.00337960416230989
"1115",92.83333,0.036869373353122,0.00337822741726328
"1116",92.91667,0.0368693871762247,0.00337685722848905
"1117",93,0.0368694014538837,0.00337549356629524
"1118",93.08333,0.0368694150145243,0.00337413640111349
"1119",93.16667,0.0368694276885542,0.00337278570349861
"1120",93.25,0.0368694396419551,0.00337144144412814
"1121",93.33333,0.0368694510404293,0.00337010359380192
"1122",93.41667,0.0368694620492098,0.00336877212344166
"1123",93.5,0.0368694728345238,0.00336744700409054
"1124",93.58333,0.0368694835623584,0.0033661282069127
"1125",93.66667,0.0368694943977097,0.00336481570319292
"1126",93.75,0.0368695055068367,0.00336350946433608
"1127",93.83333,0.0368695170550124,0.00336220946186685
"1128",93.91667,0.0368695292084746,0.00336091566742915
"1129",94,0.0368695418106979,0.00335962805278583
"1130",94.08333,0.0368695537371924,0.00335834658981816
"1131",94.16667,0.036869564825432,0.00335707125052547
"1132",94.25,0.0368695752342205,0.00335580200702468
"1133",94.33333,0.0368695851223295,0.00335453883154993
"1134",94.41667,0.0368695946492634,0.00335328169645209
"1135",94.5,0.0368696039730958,0.00335203057419843
"1136",94.58333,0.0368696132533657,0.00335078543737213
"1137",94.66667,0.0368696226486076,0.00334954625867188
"1138",94.75,0.0368696323174094,0.00334831301091149
"1139",94.83333,0.0368696424190835,0.00334708566701945
"1140",94.91667,0.0368696531129293,0.00334586420003851
"1141",95,0.0368696642479209,0.0033446485831253
"1142",95.08333,0.0368696747451933,0.00334343878954986
"1143",95.16667,0.0368696844487966,0.00334223479269532
"1144",95.25,0.0368696935109076,0.00334103656605737
"1145",95.33333,0.0368697020839459,0.00333984408324395
"1146",95.41667,0.0368697103203202,0.00333865731797481
"1147",95.5,0.0368697183727349,0.00333747624408108
"1148",95.58333,0.0368697263928821,0.00333630083550489
"1149",95.66667,0.0368697345339273,0.00333513106629894
"1150",95.75,0.0368697429473546,0.00333396691062612
"1151",95.83333,0.0368697517866146,0.00333280834275911
"1152",95.91667,0.036869761202909,0.00333165533707994
"1153",96,0.0368697710531123,0.00333050786807963
"1154",96.08333,0.0368697803002087,0.00332936591035774
"1155",96.16667,0.0368697887947045,0.00332822943862203
"1156",96.25,0.0368697966827334,0.00332709842768803
"1157",96.33333,0.0368698041104318,0.00332597285247862
"1158",96.41667,0.0368698112241628,0.00332485268802369
"1159",96.5,0.0368698181698335,0.00332373790945966
"1160",96.58333,0.0368698250941,0.00332262849202919
"1161",96.66667,0.0368698321423313,0.00332152441108069
"1162",96.75,0.036869839462228,0.00332042564206799
"1163",96.83333,0.0368698471981785,0.00331933216054992
"1164",96.91667,0.0368698554978568,0.00331824394218992
"1165",97,0.036869864221921,0.00331716096275565
"1166",97.08333,0.0368698723752656,0.00331608319811862
"1167",97.16667,0.0368698798137022,0.00331501062425378
"1168",97.25,0.0368698866783843,0.00331394321723913
"1169",97.33333,0.0368698931086939,0.00331288095325537
"1170",97.41667,0.036869899245505,0.00331182380858545
"1171",97.5,0.0368699052289827,0.00331077175961426
"1172",97.58333,0.0368699111992736,0.0033097247828282
"1173",97.66667,0.0368699172970253,0.0033086828548148
"1174",97.75,0.036869923662664,0.00330764595226236
"1175",97.83333,0.0368699304361044,0.00330661405195955
"1176",97.91667,0.0368699377582633,0.00330558713079505
"1177",98,0.0368699454951757,0.00330456516575715
"1178",98.08333,0.0368699526913181,0.00330354813393339
"1179",98.16667,0.0368699592076389,0.00330253601251018
"1180",98.25,0.0368699651800961,0.00330152877877242
"1181",98.33333,0.0368699707418152,0.00330052641010313
"1182",98.41667,0.0368699760290072,0.00329952888398308
"1183",98.5,0.0368699811758395,0.00329853617799041
"1184",98.58333,0.0368699863167485,0.00329754826980027
"1185",98.66667,0.0368699915869195,0.00329656513718443
"1186",98.75,0.0368699971210633,0.00329558675801094
"1187",98.83333,0.0368700030538776,0.00329461311024373
"1188",98.91667,0.0368700095200598,0.00329364417194229
"1189",99,0.0368700163915605,0.00329267992126124
"1190",99.08333,0.0368700227495227,0.00329172033645002
"1191",99.16667,0.0368700284608048,0.00329076539585251
"1192",99.25,0.0368700336548899,0.00328981507790664
"1193",99.33333,0.0368700384615064,0.00328886936114407
"1194",99.41667,0.0368700430093432,0.00328792822418981
"1195",99.5,0.0368700474289305,0.00328699164576186
"1196",99.58333,0.0368700518484646,0.00328605960467085
"1197",99.66667,0.0368700563987048,0.00328513207981967
"1198",99.75,0.0368700612084041,0.00328420905020317
"1199",99.83333,0.0368700664065313,0.00328329049490771
"1200",99.91667,0.0368700721238806,0.0032823763931109
"1201",100,0.0368700782357783,0.00328146672408119
"1202",100.08333,0.0368700838597569,0.00328056146717753
"1203",100.16667,0.0368700888675777,0.00327966060184902
"1204",100.25,0.0368700933837731,0.00327876410763456
"1205",100.33333,0.0368700975323506,0.00327787196416251
"1206",100.41667,0.0368701014383381,0.00327698415115033
"1207",100.5,0.0368701052255167,0.00327610064840423
"1208",100.58333,0.0368701090186798,0.00327522143581883
"1209",100.66667,0.0368701129418296,0.00327434649337682
"1210",100.75,0.0368701171203245,0.00327347580114859
"1211",100.83333,0.0368701216774046,0.00327260933929194
"1212",100.91667,0.0368701267381404,0.00327174708805168
"1213",101,0.0368701321837897,0.00327088902775931
"1214",101.08333,0.0368701371643176,0.0032700351388327
"1215",101.16667,0.0368701415576433,0.00326918540177573
"1216",101.25,0.0368701454828102,0.00326833979717793
"1217",101.33333,0.0368701490593706,0.00326749830571421
"1218",101.41667,0.036870152407122,0.00326666090814446
"1219",101.5,0.0368701556453876,0.00326582758531322
"1220",101.58333,0.036870158893997,0.0032649983181494
"1221",101.66667,0.0368701622724998,0.00326417308766589
"1222",101.75,0.0368701659002246,0.00326335187495925
"1223",101.83333,0.0368701698975444,0.00326253466120937
"1224",101.91667,0.0368701743829751,0.00326172142767916
"1225",102,0.0368701792428743,0.00326091215571421
"1226",102.08333,0.0368701836605325,0.00326010682674245
"1227",102.16667,0.0368701875162829,0.00325930542227383
"1228",102.25,0.0368701909265257,0.00325850792390003
"1229",102.33333,0.0368701940055267,0.00325771431329406
"1230",102.41667,0.0368701968683434,0.00325692457221
"1231",102.5,0.0368701996300622,0.00325613868248266
"1232",102.58333,0.0368702024057646,0.00325535662602726
"1233",102.66667,0.0368702053099828,0.00325457838483907
"1234",102.75,0.0368702084588826,0.00325380394099317
"1235",102.83333,0.0368702119664874,0.00325303327664405
"1236",102.91667,0.0368702159478866,0.00325226637402534
"1237",103,0.0368702202933919,0.00325150321544949
"1238",103.08333,0.0368702242164884,0.00325074378330743
"1239",103.16667,0.0368702276032327,0.00324998806006828
"1240",103.25,0.0368702305647091,0.00324923602827901
"1241",103.33333,0.0368702332106245,0.00324848767056418
"1242",103.41667,0.036870235652831,0.00324774296962555
"1243",103.5,0.0368702380008008,0.00324700190824184
"1244",103.58333,0.0368702403658689,0.00324626446926837
"1245",103.66667,0.0368702428588268,0.00324553063563679
"1246",103.75,0.0368702455894212,0.00324480039035476
"1247",103.83333,0.0368702486698131,0.00324407371650561
"1248",103.91667,0.036870252208641,0.0032433505972481
"1249",104,0.0368702561017056,0.00324263101581605
"1250",104.08333,0.0368702595917938,0.00324191495551806
"1251",104.16667,0.0368702625679251,0.00324120239973725
"1252",104.25,0.0368702651384449,0.00324049333193087
"1253",104.33333,0.0368702674084425,0.00323978773563009
"1254",104.41667,0.0368702694848855,0.00323908559443963
"1255",104.5,0.0368702714747844,0.00323838689203752
"1256",104.58333,0.0368702734832365,0.00323769161217473
"1257",104.66667,0.0368702756183019,0.00323699973867497
"1258",104.75,0.0368702779853738,0.00323631125543429
"1259",104.83333,0.0368702806914625,0.00323562614642087
"1260",104.91667,0.0368702838430135,0.00323494439567467
"1261",105,0.0368702873376234,0.00323426598730716
"1262",105.08333,0.0368702904470402,0.00323359090550105
"1263",105.16667,0.036870293064962,0.00323291913450995
"1264",105.25,0.0368702952944853,0.0032322506586581
"1265",105.33333,0.0368702972376189,0.00323158546234012
"1266",105.41667,0.0368702989974539,0.00323092353002067
"1267",105.5,0.0368703006760098,0.00323026484623416
"1268",105.58333,0.0368703023761192,0.00322960939558453
"1269",105.66667,0.0368703041997911,0.00322895716274487
"1270",105.75,0.0368703062504254,0.00322830813245724
"1271",105.83333,0.0368703086297728,0.00322766228953228
"1272",105.91667,0.036870311440671,0.00322701961884903
"1273",106,0.0368703145847586,0.00322638010535456
"1274",106.08333,0.0368703173598774,0.00322574373406376
"1275",106.16667,0.0368703196642075,0.00322511049005899
"1276",106.25,0.0368703215968695,0.0032244803584899
"1277",106.33333,0.0368703232564327,0.00322385332457303
"1278",106.41667,0.0368703247414421,0.00322322937359165
"1279",106.5,0.0368703261510452,0.0032226084908954
"1280",106.58333,0.0368703275829718,0.00322199066190007
"1281",106.66667,0.0368703291368941,0.00322137587208728
"1282",106.75,0.0368703309119649,0.00322076410700425
"1283",106.83333,0.0368703330053757,0.00322015535226351
"1284",106.91667,0.0368703355170785,0.0032195495935426
"1285",107,0.0368703383520455,0.00321894681658388
"1286",107.08333,0.036870340833655,0.00321834700719416
"1287",107.16667,0.036870342863847,0.00321775015124452
"1288",107.25,0.0368703445381984,0.00321715623466997
"1289",107.33333,0.0368703459509003,0.00321656524346925
"1290",107.41667,0.036870347198068,0.00321597716370452
"1291",107.5,0.0368703483744577,0.00321539198150111
"1292",107.58333,0.0368703495748228,0.00321480968304725
"1293",107.66667,0.036870350894735,0.00321423025459383
"1294",107.75,0.0368703524292382,0.00321365368245411
"1295",107.83333,0.0368703542730939,0.00321307995300347
"1296",107.91667,0.0368703565218764,0.00321250905267916
"1297",108,0.036870359083923,0.00321194096798003
"1298",108.08333,0.0368703613076189,0.00321137568546628
"1299",108.16667,0.0368703630978482,0.00321081319175919
"1300",108.25,0.0368703645471022,0.00321025347354088
"1301",108.33333,0.0368703657461644,0.00320969651755404
"1302",108.41667,0.0368703667872197,0.0032091423106017
"1303",108.5,0.0368703677619173,0.00320859083954693
"1304",108.58333,0.0368703687619041,0.00320804209131266
"1305",108.66667,0.0368703698785229,0.00320749605288135
"1306",108.75,0.0368703712039959,0.0032069527112948
"1307",108.83333,0.0368703728294157,0.00320641205365386
"1308",108.91667,0.0368703748469752,0.0032058740671182
"1309",109,0.0368703771681238,0.00320533873890608
"1310",109.08333,0.0368703791645242,0.00320480605629405
"1311",109.16667,0.0368703807451505,0.00320427600661677
"1312",109.25,0.0368703819981402,0.00320374857726671
"1313",109.33333,0.0368703830116068,0.00320322375569392
"1314",109.41667,0.0368703838750681,0.00320270152940583
"1315",109.5,0.0368703846752387,0.00320218188596694
"1316",109.58333,0.0368703855019481,0.00320166481299863
"1317",109.66667,0.0368703864424491,0.00320115029817887
"1318",109.75,0.0368703875857399,0.00320063832924204
"1319",109.83333,0.0368703890205202,0.00320012889397864
"1320",109.91667,0.036870390834336,0.0031996219802351
"1321",110,0.0368703929426255,0.00319911757591347
"1322",110.08333,0.0368703947390578,0.00319861566897128
"1323",110.16667,0.0368703961358925,0.00319811624742121
"1324",110.25,0.0368703972181681,0.00319761929933093
"1325",110.33333,0.0368703980711871,0.00319712481282282
"1326",110.41667,0.0368703987802519,0.00319663277607374
"1327",110.5,0.0368703994303932,0.00319614317731483
"1328",110.58333,0.0368704001072224,0.00319565600483125
"1329",110.66667,0.0368704008951735,0.00319517124696197
"1330",110.75,0.036870401880452,0.0031946888920995
"1331",110.83333,0.0368704031478009,0.00319420892868972
"1332",110.91667,0.0368704047822455,0.00319373134523161
"1333",111,0.0368704067017847,0.00319325613027704
"1334",111.08333,0.0368704083222431,0.00319278327243052
"1335",111.16667,0.0368704095579933,0.00319231276034902
"1336",111.25,0.0368704104919795,0.0031918445827417
"1337",111.33333,0.0368704112056859,0.00319137872836972
"1338",111.41667,0.0368704117820329,0.003190915186046
"1339",111.5,0.0368704123028136,0.00319045394463499
"1340",111.58333,0.0368704128500958,0.00318999499305247
"1341",111.66667,0.0368704135065254,0.00318953832026532
"1342",111.75,0.0368704143541834,0.00318908391529129
"1343",111.83333,0.0368704154748656,0.00318863176719881
"1344",111.91667,0.0368704169518015,0.00318818186510674
"1345",112,0.03687041870465,0.00318773419818416
"1346",112.08333,0.0368704201691745,0.00318728875565019
"1347",112.16667,0.0368704212644397,0.00318684552677371
"1348",112.25,0.036870422068815,0.0031864045008732
"1349",112.33333,0.0368704226624095,0.00318596566731651
"1350",112.41667,0.0368704231235766,0.00318552901552063
"1351",112.5,0.036870423532732,0.00318509453495151
"1352",112.58333,0.0368704239685433,0.00318466221512381
"1353",112.66667,0.0368704245105231,0.00318423204560072
"1354",112.75,0.0368704252382344,0.00318380401599376
"1355",112.83333,0.0368704262300437,0.00318337811596252
"1356",112.91667,0.0368704275663614,0.00318295433521449
"1357",113,0.0368704291705102,0.00318253266350487
"1358",113.08333,0.0368704304976673,0.00318211309063631
"1359",113.16667,0.0368704314691994,0.00318169560645875
"1360",113.25,0.0368704321613711,0.00318128020086919
"1361",113.33333,0.0368704326510034,0.00318086686381151
"1362",113.41667,0.0368704330146112,0.00318045558527624
"1363",113.5,0.0368704333284509,0.00318004635530037
"1364",113.58333,0.036870433669943,0.00317963916396715
"1365",113.66667,0.0368704341147339,0.00317923400140587
"1366",113.75,0.0368704347396687,0.00317883085779171
"1367",113.83333,0.0368704356215925,0.00317842972334547
"1368",113.91667,0.0368704368370336,0.00317803058833343
"1369",114,0.0368704383114702,0.00317763344306712
"1370",114.08333,0.0368704395191788,0.00317723827790314
"1371",114.16667,0.0368704403829225,0.00317684508324294
"1372",114.25,0.0368704409769434,0.00317645384953266
"1373",114.33333,0.036870441374889,0.0031760645672629
"1374",114.41667,0.0368704416515637,0.00317567722696856
"1375",114.5,0.0368704418797492,0.0031752918192286
"1376",114.58333,0.0368704421339778,0.0031749083346659
"1377",114.66667,0.0368704424884836,0.00317452676394703
"1378",114.75,0.0368704430166318,0.00317414709778208
"1379",114.83333,0.0368704437923739,0.00317376932692445
"1380",114.91667,0.036870444890245,0.00317339344217068
"1381",115,0.0368704462386944,0.00317301943436025
"1382",115.08333,0.0368704473332002,0.0031726472943754
"1383",115.16667,0.0368704480998989,0.00317227701314094
"1384",115.25,0.0368704486102747,0.00317190858162404
"1385",115.33333,0.0368704489366909,0.00317154199083409
"1386",115.41667,0.0368704491494087,0.00317117723182248
"1387",115.5,0.0368704493205199,0.00317081429568241
"1388",115.58333,0.036870449521194,0.00317045317354875
"1389",115.66667,0.0368704498232058,0.00317009385659781
"1390",115.75,0.0368704502974344,0.00316973633604717
"1391",115.83333,0.0368704510153748,0.00316938060315552
"1392",115.91667,0.0368704520487935,0.00316902664922245
"1393",116,0.0368704533263209,0.00316867446558828
"1394",116.08333,0.0368704543474854,0.00316832404363391
"1395",116.16667,0.0368704550392467,0.00316797537478058
"1396",116.25,0.0368704554694785,0.00316762845048976
"1397",116.33333,0.0368704557078319,0.0031672832622629
"1398",116.41667,0.0368704558236539,0.00316693980164132
"1399",116.5,0.0368704558848103,0.00316659806020601
"1400",116.58333,0.0368704559615702,0.00316625802957743
"1401",116.66667,0.0368704561223776,0.00316591970141537
"1402",116.75,0.0368704564350955,0.00316558306741876
"1403",116.83333,0.0368704569709202,0.00316524811932551
"1404",116.91667,0.0368704577964785,0.00316491484891231
"1405",117,0.0368704588556046,0.00316458324799447
"1406",117.08333,0.0368704597096254,0.00316425330842579
"1407",117.16667,0.0368704602979602,0.00316392502209832
"1408",117.25,0.0368704606881574,0.00316359838094222
"1409",117.33333,0.0368704609471528,0.00316327337692563
"1410",117.41667,0.0368704611409472,0.00316295000205443
"1411",117.5,0.0368704613374087,0.00316262824837214
"1412",117.58333,0.0368704616025566,0.00316230810795968
"1413",117.66667,0.0368704620033187,0.0031619895729353
"1414",117.75,0.0368704626066494,0.00316167263545431
"1415",117.83333,0.0368704634791834,0.003161357287709
"1416",117.91667,0.0368704646878539,0.00316104352192841
"1417",118,0.0368704661346966,0.00316073133037822
"1418",118.08333,0.0368704672260263,0.00316042070536055
"1419",118.16667,0.0368704678622267,0.00316011163921382
"1420",118.25,0.0368704681062795,0.00315980412431257
"1421",118.33333,0.036870468022669,0.00315949815306733
"1422",118.41667,0.036870467675568,0.0031591937179244
"1423",118.5,0.0368704671285709,0.00315889081136575
"1424",118.58333,0.0368704664461648,0.00315858942590885
"1425",118.66667,0.036870465691619,0.00315828955410648
"1426",118.75,0.0368704649297404,0.00315799118854661
"1427",118.83333,0.0368704642241235,0.0031576943218522
"1428",118.91667,0.0368704636389463,0.0031573989466811
"1429",119,0.0368704632381123,0.00315710505572583
"1430",119.08333,0.036870463085517,0.00315681264171349
"1431",119.16667,0.0368704632453465,0.00315652169740554
"1432",119.25,0.0368704637812058,0.00315623221559771
"1433",119.33333,0.0368704647582296,0.0031559441891198
"1434",119.41667,0.0368704662390584,0.00315565761083553
"1435",119.5,0.0368704682885443,0.00315537247364243
"1436",119.58333,0.0368704709702792,0.00315508877047163
"1437",119.66667,0.0368704743481452,0.00315480649428776
"1438",119.75,0.0368704784870024,0.00315452563808876
"1439",119.83333,0.0368704834498192,0.00315424619490577
"1440",119.91667,0.0368704893014318,0.00315396815780292
